{"description":"Flow asset type","fields":[{"key":"name","type":"string","facet":false,"is_array":false,"is_searchable_across_types":false},{"key":"mime_type","type":"string","facet":false,"is_array":false,"is_searchable_across_types":false},{"key":"path","type":"string","facet":false,"is_array":false,"is_searchable_across_types":false},{"key":"stream_id","type":"string","facet":false,"is_array":false,"is_searchable_across_types":false},{"key":"properties","type":"object","facet":false,"is_array":false,"is_searchable_across_types":false}],"external_asset_preview":{},"relationships":[],"global_search_searchable":[],"name":"machine-learning-stream","version":1,"scope":"GLOBAL"}