{"description":"Scripts","fields":[{"key":"language.name","type":"string","facet":false,"is_array":false,"search_path":"language.name","is_searchable_across_types":false},{"key":"software_spec.id","type":"string","facet":false,"is_array":false,"search_path":"software_spec.id","is_searchable_across_types":false},{"key":"software_spec.base_id","type":"string","facet":false,"is_array":false,"search_path":"software_spec.base_id","is_searchable_across_types":false}],"external_asset_preview":{},"relationships":[{"key":"software_spec.id","target_asset_type":"software_specification","on_delete_target":"IGNORE","on_delete":"IGNORE","on_clone_target":"IGNORE","on_clone":"IGNORE","on_promote":"IGNORE","on_publish":"IGNORE"}],"properties":{"language":{"type":"object","description":"platform language","placeholder":"Put a value here","is_array":false,"required":true,"hidden":false,"readonly":false,"properties":{"name":{"type":"string","description":"platform language name. Example: 'python3'","placeholder":"Put a value here","is_array":false,"required":true,"hidden":false,"readonly":false}}},"ml_version":{"type":"string","description":"Internal version of the ml asset type","placeholder":"Put a value here","is_array":false,"required":true,"hidden":true,"readonly":true,"default_value":"4.0.0"},"software_spec":{"type":"object","description":"software_spec of the function","placeholder":"Put a value here","is_array":false,"required":true,"hidden":false,"readonly":false,"properties":{"base_id":{"type":"string","description":"base software_spec id, Either this or id has to be provided","placeholder":"Put a value here","is_array":false,"required":false,"hidden":false,"readonly":false},"id":{"type":"string","description":"software_spec id. Either this or base_id has to be provided","placeholder":"Put a value here","is_array":false,"required":false,"hidden":false,"readonly":false}}}},"global_search_searchable":[],"name":"script","version":1,"scope":"GLOBAL"}