{"metadata":{"asset_id":"a6018054-fd44-4c81-9f4d-8483f1c2f02e","asset_attributes":["data_asset"],"name":"churn.csv","asset_type":"data_asset","created_at":"2021-09-09T14:24:22Z","description":"","origin_country":"us","owner_id":"1000330999","project_id":"6552ff1e-c757-4687-98fc-3f68fb949526","size":8546,"tags":[],"usage":{"last_update_time":1631197462796,"last_updated_at":"2021-09-09T14:24:22Z"}},"entity":{"data_asset":{"mime_type":"text/csv","dataset":false}},"attachments":[{"id":"da7748f6-9bb0-4de5-abc4-6ce75b9f8be5","version":2,"asset_type":"data_asset","name":"churn.csv","mime":"text/csv","datasource_type":"81bafdbd-b7c6-45c5-a4fd-6ec135f66f4e","object_key":"data_asset/churn.csv","creator_id":"icp4d-dev","create_time":1631197462605,"size":8546,"is_remote":false,"is_managed":false,"is_referenced":true,"is_object_key_read_only":false,"is_user_provided_path_key":true,"transfer_complete":true,"is_partitioned":false,"complete_time_ticks":1631197462605,"user_data":{},"test_doc":0,"handle":{"key":"data_asset/churn.csv","upload_id":"done","max_part_num":1},"usage":{"access_count":0,"last_accessor_id":"icp4d-dev","last_access_time":1631197462605}}]}