{"metadata":{"asset_id":"fb06f2fe-d68c-4390-b95b-cb4f9d5abec4","asset_attributes":["data_asset"],"name":"Mortgage_Data_Merged.csv","asset_type":"data_asset","created_at":"2021-09-12T20:47:01Z","description":"","origin_country":"us","owner_id":"1000330999","project_id":"6552ff1e-c757-4687-98fc-3f68fb949526","size":28088,"tags":[],"usage":{"last_update_time":1631479621552,"last_updated_at":"2021-09-12T20:47:01Z"}},"entity":{"data_asset":{"mime_type":"text/csv","dataset":false}},"attachments":[{"id":"f643b665-8440-4462-b20b-2244949ba204","version":2,"asset_type":"data_asset","name":"Mortgage_Data_Merged.csv","mime":"text/csv","datasource_type":"81bafdbd-b7c6-45c5-a4fd-6ec135f66f4e","object_key":"data_asset/Mortgage_Data_Merged.csv","creator_id":"1000330999","create_time":1631479621552,"size":28088,"is_remote":false,"is_managed":false,"is_referenced":true,"is_object_key_read_only":true,"is_user_provided_path_key":true,"transfer_complete":true,"is_partitioned":false,"complete_time_ticks":1631479621552,"user_data":{},"test_doc":0,"handle":{"key":"data_asset/Mortgage_Data_Merged.csv","upload_id":"done","max_part_num":1},"usage":{"access_count":0,"last_accessor_id":"1000330999","last_access_time":1631479621552}}]}