{"metadata":{"asset_id":"7c3763bb-16b2-440b-b35a-9cb0e4273df2","asset_attributes":["data_asset"],"name":"CustomerDataforClassification.xlsx","asset_type":"data_asset","created_at":"2021-09-09T14:24:22Z","description":"","origin_country":"us","owner_id":"1000330999","project_id":"6552ff1e-c757-4687-98fc-3f68fb949526","size":153989,"tags":[],"usage":{"last_update_time":1631197462890,"last_updated_at":"2021-09-09T14:24:22Z"}},"entity":{"data_asset":{"mime_type":"application/vnd.openxmlformats-officedocument.spreadsheetml.sheet","dataset":false}},"attachments":[{"id":"f7a66f86-2fa1-42d8-a464-e593b46ce43e","version":2,"asset_type":"data_asset","name":"CustomerDataforClassification.xlsx","mime":"application/vnd.openxmlformats-officedocument.spreadsheetml.sheet","datasource_type":"81bafdbd-b7c6-45c5-a4fd-6ec135f66f4e","object_key":"data_asset/CustomerDataforClassification.xlsx","creator_id":"icp4d-dev","create_time":1631197462618,"size":153989,"is_remote":false,"is_managed":false,"is_referenced":true,"is_object_key_read_only":false,"is_user_provided_path_key":true,"transfer_complete":true,"is_partitioned":false,"complete_time_ticks":1631197462618,"user_data":{},"test_doc":0,"handle":{"key":"data_asset/CustomerDataforClassification.xlsx","upload_id":"done","max_part_num":1},"usage":{"access_count":0,"last_accessor_id":"icp4d-dev","last_access_time":1631197462618}}]}