{"metadata":{"asset_id":"9e12b96a-e7f5-4451-a3c9-dd089fd2c61a","asset_attributes":["data_asset"],"name":"Product.csv","asset_type":"data_asset","created_at":"2021-09-09T14:56:12Z","description":"","origin_country":"us","owner_id":"1000330999","project_id":"6552ff1e-c757-4687-98fc-3f68fb949526","size":19359,"tags":[],"usage":{"last_update_time":1631479561260,"last_updated_at":"2021-09-12T20:46:01Z"}},"entity":{"data_asset":{"mime_type":"text/csv","dataset":false}},"attachments":[{"id":"0965724d-6279-40e1-8141-b44636ede75c","version":2,"asset_type":"data_asset","name":"Product.csv","mime":"text/csv","datasource_type":"81bafdbd-b7c6-45c5-a4fd-6ec135f66f4e","object_key":"data_asset/Product.csv","creator_id":"1000330999","create_time":1631199373342,"size":19359,"is_remote":false,"is_managed":false,"is_referenced":true,"is_object_key_read_only":true,"is_user_provided_path_key":true,"transfer_complete":true,"is_partitioned":false,"complete_time_ticks":1631199373342,"user_data":{},"test_doc":0,"handle":{"key":"data_asset/Product.csv","upload_id":"done","max_part_num":1},"usage":{"access_count":1,"last_accessor_id":"1000330999","last_access_time":1631479561259,"last_updater_id":"1000330999","last_update_time":1631479561259}}]}