{"metadata":{"asset_id":"73d47313-a720-4b98-b27d-fd000e66e2df","asset_attributes":["data_asset"],"name":"Trips.csv","asset_type":"data_asset","created_at":"2021-09-12T20:46:03Z","description":"","origin_country":"us","owner_id":"1000330999","project_id":"6552ff1e-c757-4687-98fc-3f68fb949526","size":12979278,"tags":[],"usage":{"last_update_time":1631479564125,"last_updated_at":"2021-09-12T20:46:04Z"}},"entity":{"data_asset":{"mime_type":"text/csv","dataset":false}},"attachments":[{"id":"1b50c9f2-974f-4b04-bfa1-b8bd675b9f22","version":2,"asset_type":"data_asset","name":"Trips.csv","mime":"text/csv","datasource_type":"81bafdbd-b7c6-45c5-a4fd-6ec135f66f4e","object_key":"data_asset/Trips.csv","creator_id":"1000330999","create_time":1631479564124,"size":12979278,"is_remote":false,"is_managed":false,"is_referenced":true,"is_object_key_read_only":true,"is_user_provided_path_key":true,"transfer_complete":true,"is_partitioned":false,"complete_time_ticks":1631479564124,"user_data":{},"test_doc":0,"handle":{"key":"data_asset/Trips.csv","upload_id":"done","max_part_num":1},"usage":{"access_count":0,"last_accessor_id":"1000330999","last_access_time":1631479564124}}]}