{"metadata":{"asset_id":"51d52d23-ece2-4f0e-b879-6c82baf385a3","asset_attributes":["data_asset","data_profile"],"name":"new_customers.csv","asset_type":"data_asset","created_at":"2021-09-09T14:24:22Z","description":"","origin_country":"us","owner_id":"1000330999","project_id":"6552ff1e-c757-4687-98fc-3f68fb949526","size":86852,"tags":[],"usage":{"last_update_time":1631200559105,"last_updated_at":"2021-09-09T15:15:59Z"}},"entity":{"data_asset":{"mime_type":"text/csv","dataset":false,"properties":[{"name":"file_name","value":"data_asset/new_customers.csv"},{"name":"first_line_header","value":"true"},{"name":"encoding","value":"UTF-8"},{"name":"invalid_data_handling","value":"fail"},{"name":"file_format","value":"csv"}],"columns":[{"name":"Gender","type":{"type":"varchar","length":1024,"scale":0,"nullable":true,"signed":false}},{"name":"Status","type":{"type":"varchar","length":1024,"scale":0,"nullable":true,"signed":false}},{"name":"Children","type":{"type":"varchar","length":1024,"scale":0,"nullable":true,"signed":false}},{"name":"EstIncome","type":{"type":"varchar","length":1024,"scale":0,"nullable":true,"signed":false}},{"name":"CarOwner","type":{"type":"varchar","length":1024,"scale":0,"nullable":true,"signed":false}},{"name":"Age","type":{"type":"varchar","length":1024,"scale":0,"nullable":true,"signed":false}},{"name":"AvgMonthlySpend","type":{"type":"varchar","length":1024,"scale":0,"nullable":true,"signed":false}},{"name":"CustomerSupportCalls","type":{"type":"varchar","length":1024,"scale":0,"nullable":true,"signed":false}},{"name":"Paymethod","type":{"type":"varchar","length":1024,"scale":0,"nullable":true,"signed":false}},{"name":"MembershipPlan","type":{"type":"varchar","length":1024,"scale":0,"nullable":true,"signed":false}}]},"data_profile":{"f86bfac2-c452-4f1b-bcbb-87eadf4526c8":{"metadata":{"guid":"f86bfac2-c452-4f1b-bcbb-87eadf4526c8","asset_id":"f86bfac2-c452-4f1b-bcbb-87eadf4526c8","dataset_id":"51d52d23-ece2-4f0e-b879-6c82baf385a3","dataset_ids":[],"url":"https://internal-nginx-svc:12443/v2/data_profiles/f86bfac2-c452-4f1b-bcbb-87eadf4526c8?project_id=6552ff1e-c757-4687-98fc-3f68fb949526&dataset_id=51d52d23-ece2-4f0e-b879-6c82baf385a3","project_id":"6552ff1e-c757-4687-98fc-3f68fb949526","created_at":"2021-09-09T15:14:17.827Z","accessed_at":"2021-09-09T15:14:17.827Z","owner":"admin","owner_id":"1000330999","last_updater_id":"1000330999"},"entity":{"data_profile":{"options":{"disable_profiling":false,"max_row_count":5000,"max_distribution_size":100,"max_numeric_stats_bins":100,"max_columns_per_task":250,"max_rows_per_batch":10000,"enable_fast_classification":false,"enable_dqa":true,"classification_options":{"disabled":false,"use_all_ibm_classes":true,"use_all_custom_classes":true,"ibm_class_codes":[],"custom_class_codes":[]}},"execution":{"status":"finished","is_supported":true,"dataflow_id":"a4533e29-49c9-4ee6-8450-506e21f361eb","dataflow_run_id":"95d972cf-434e-4ba5-9ff8-dac8cf5e5ee2"},"columns":[],"logs":[],"attachment_id":"9d33b5f0-70f7-4517-8c3e-a1fc7e7073a9"}},"href":"https://internal-nginx-svc:12443/v2/data_profiles/f86bfac2-c452-4f1b-bcbb-87eadf4526c8?project_id=6552ff1e-c757-4687-98fc-3f68fb949526&dataset_id=51d52d23-ece2-4f0e-b879-6c82baf385a3"},"attribute_classes":["Country Code","City","Gender"]}},"attachments":[{"id":"1aeab510-34b3-43bd-a2ee-c9cca538f211","version":2,"asset_type":"data_asset","name":"new_customers.csv","mime":"text/csv","datasource_type":"81bafdbd-b7c6-45c5-a4fd-6ec135f66f4e","object_key":"data_asset/new_customers.csv","creator_id":"icp4d-dev","create_time":1631197462611,"size":10804,"is_remote":false,"is_managed":false,"is_referenced":true,"is_object_key_read_only":false,"is_user_provided_path_key":true,"transfer_complete":true,"is_partitioned":false,"complete_time_ticks":1631197462611,"user_data":{},"test_doc":0,"handle":{"key":"data_asset/new_customers.csv","upload_id":"done","max_part_num":1},"usage":{"access_count":0,"last_accessor_id":"icp4d-dev","last_access_time":1631197462611}},{"id":"9d33b5f0-70f7-4517-8c3e-a1fc7e7073a9","version":2,"asset_type":"data_profile","name":"data_profile_f86bfac2-c452-4f1b-bcbb-87eadf4526c8","datasource_type":"81bafdbd-b7c6-45c5-a4fd-6ec135f66f4e","object_key":"data_profile_f86bfac2-c452-4f1b-bcbb-87eadf4526c8","creator_id":"icp4d-dev","create_time":1631200557635,"size":76048,"is_remote":false,"is_managed":false,"is_referenced":true,"is_object_key_read_only":false,"is_user_provided_path_key":true,"transfer_complete":true,"is_partitioned":false,"complete_time_ticks":1631200557635,"user_data":{},"test_doc":0,"handle":{"key":"data_profile_f86bfac2-c452-4f1b-bcbb-87eadf4526c8","upload_id":"done","max_part_num":1},"usage":{"access_count":0,"last_accessor_id":"icp4d-dev","last_access_time":1631200557635}}]}