{"metadata":{"asset_id":"852770fb-4d77-4ad4-9aaf-dd0ae05c1012","asset_attributes":["data_asset"],"name":"customer-profile.csv","asset_type":"data_asset","created_at":"2021-09-09T14:24:22Z","description":"","origin_country":"us","owner_id":"1000330999","project_id":"6552ff1e-c757-4687-98fc-3f68fb949526","size":77821,"tags":[],"usage":{"last_update_time":1631197463227,"last_updated_at":"2021-09-09T14:24:23Z"}},"entity":{"data_asset":{"mime_type":"text/csv","dataset":false}},"attachments":[{"id":"15530384-785c-4c05-b17f-d1d51ed2ac33","version":2,"asset_type":"data_asset","name":"customer-profile.csv","mime":"text/csv","datasource_type":"81bafdbd-b7c6-45c5-a4fd-6ec135f66f4e","object_key":"data_asset/customer-profile.csv","creator_id":"icp4d-dev","create_time":1631197462769,"size":77821,"is_remote":false,"is_managed":false,"is_referenced":true,"is_object_key_read_only":false,"is_user_provided_path_key":true,"transfer_complete":true,"is_partitioned":false,"complete_time_ticks":1631197462769,"user_data":{},"test_doc":0,"handle":{"key":"data_asset/customer-profile.csv","upload_id":"done","max_part_num":1},"usage":{"access_count":0,"last_accessor_id":"icp4d-dev","last_access_time":1631197462769}}]}