{"metadata":{"asset_id":"6b12bda1-764b-407b-a00c-220854760d32","asset_attributes":["data_asset"],"name":"customer_churn.csv","asset_type":"data_asset","created_at":"2021-09-09T14:24:22Z","description":"","origin_country":"us","owner_id":"1000330999","project_id":"6552ff1e-c757-4687-98fc-3f68fb949526","size":81974,"tags":[],"usage":{"last_update_time":1631197463111,"last_updated_at":"2021-09-09T14:24:23Z"}},"entity":{"data_asset":{"mime_type":"text/csv","dataset":false}},"attachments":[{"id":"60e7a787-f010-43a4-a440-55df5a2b6da5","version":2,"asset_type":"data_asset","name":"customer_churn.csv","mime":"text/csv","datasource_type":"81bafdbd-b7c6-45c5-a4fd-6ec135f66f4e","object_key":"data_asset/customer_churn.csv","creator_id":"icp4d-dev","create_time":1631197462732,"size":81974,"is_remote":false,"is_managed":false,"is_referenced":true,"is_object_key_read_only":false,"is_user_provided_path_key":true,"transfer_complete":true,"is_partitioned":false,"complete_time_ticks":1631197462732,"user_data":{},"test_doc":0,"handle":{"key":"data_asset/customer_churn.csv","upload_id":"done","max_part_num":1},"usage":{"access_count":0,"last_accessor_id":"icp4d-dev","last_access_time":1631197462732}}]}