{"metadata":{"asset_id":"6418df74-c40e-44a8-9c4e-433b2351b96e","asset_attributes":["data_asset"],"name":"customer_churn_scoring.csv","asset_type":"data_asset","created_at":"2021-09-12T20:53:52Z","description":"","origin_country":"us","owner_id":"1000330999","project_id":"6552ff1e-c757-4687-98fc-3f68fb949526","size":34633,"tags":[],"usage":{"last_update_time":1631480033180,"last_updated_at":"2021-09-12T20:53:53Z"}},"entity":{"data_asset":{"mime_type":"text/csv","dataset":false}},"attachments":[{"id":"4f320da7-8b00-46cf-8eea-e78467113d3b","version":2,"asset_type":"data_asset","name":"customer_churn_scoring.csv","mime":"text/csv","datasource_type":"81bafdbd-b7c6-45c5-a4fd-6ec135f66f4e","object_key":"data_asset/customer_churn_scoring.csv","creator_id":"1000330999","create_time":1631480033179,"size":34633,"is_remote":false,"is_managed":false,"is_referenced":true,"is_object_key_read_only":true,"is_user_provided_path_key":true,"transfer_complete":true,"is_partitioned":false,"complete_time_ticks":1631480033179,"user_data":{},"test_doc":0,"handle":{"key":"data_asset/customer_churn_scoring.csv","upload_id":"done","max_part_num":1},"usage":{"access_count":0,"last_accessor_id":"1000330999","last_access_time":1631480033179}}]}