{"metadata":{"asset_id":"36af4e12-b0dd-4acc-9572-4a38238c9831","asset_attributes":["data_asset"],"name":"C5_Scoring_Results.csv","asset_type":"data_asset","created_at":"2021-09-12T21:05:46Z","description":"","origin_country":"us","owner_id":"1000330999","project_id":"6552ff1e-c757-4687-98fc-3f68fb949526","size":43906,"tags":[],"usage":{"last_update_time":1631480746857,"last_updated_at":"2021-09-12T21:05:46Z"}},"entity":{"data_asset":{"mime_type":"text/csv","dataset":false}},"attachments":[{"id":"37e9e516-ba61-4964-95b1-69baada3b456","version":2,"asset_type":"data_asset","name":"C5_Scoring_Results.csv","mime":"text/csv","datasource_type":"81bafdbd-b7c6-45c5-a4fd-6ec135f66f4e","object_key":"data_asset/C5_Scoring_Results.csv","creator_id":"1000330999","create_time":1631480746856,"size":43906,"is_remote":false,"is_managed":false,"is_referenced":true,"is_object_key_read_only":false,"is_user_provided_path_key":true,"transfer_complete":true,"is_partitioned":false,"complete_time_ticks":1631480746856,"user_data":{},"test_doc":0,"handle":{"key":"data_asset/C5_Scoring_Results.csv","upload_id":"done","max_part_num":1},"usage":{"access_count":0,"last_accessor_id":"1000330999","last_access_time":1631480746856}}]}