{"metadata":{"asset_id":"ed23a17e-094d-4edd-8eb2-b3a0e9ec41bd","asset_attributes":["data_asset"],"name":"CustomerDataSegmentation.csv","asset_type":"data_asset","created_at":"2021-09-12T20:45:59Z","description":"","origin_country":"us","owner_id":"1000330999","project_id":"6552ff1e-c757-4687-98fc-3f68fb949526","size":129224,"tags":[],"usage":{"last_update_time":1631479561255,"last_updated_at":"2021-09-12T20:46:01Z"}},"entity":{"data_asset":{"mime_type":"text/csv","dataset":false}},"attachments":[{"id":"80c99048-bcbc-4df5-83d7-8a9b9f2c4456","version":2,"asset_type":"data_asset","name":"CustomerDataSegmentation.csv","mime":"text/csv","datasource_type":"81bafdbd-b7c6-45c5-a4fd-6ec135f66f4e","object_key":"data_asset/CustomerDataSegmentation.csv","creator_id":"1000330999","create_time":1631479561254,"size":129224,"is_remote":false,"is_managed":false,"is_referenced":true,"is_object_key_read_only":true,"is_user_provided_path_key":true,"transfer_complete":true,"is_partitioned":false,"complete_time_ticks":1631479561254,"user_data":{},"test_doc":0,"handle":{"key":"data_asset/CustomerDataSegmentation.csv","upload_id":"done","max_part_num":1},"usage":{"access_count":0,"last_accessor_id":"1000330999","last_access_time":1631479561254}}]}