{"metadata":{"asset_id":"3b239868-414a-47fa-b5ae-78dbf4d2ef74","asset_attributes":["data_asset"],"name":"Mortgage_Batch_Scoring.csv","asset_type":"data_asset","created_at":"2021-09-12T21:10:14Z","description":"","origin_country":"us","owner_id":"1000330999","project_id":"6552ff1e-c757-4687-98fc-3f68fb949526","size":3239,"tags":[],"usage":{"last_update_time":1631481015197,"last_updated_at":"2021-09-12T21:10:15Z"}},"entity":{"data_asset":{"mime_type":"text/csv","dataset":false}},"attachments":[{"id":"7a37d7a0-0b65-42d2-92d9-2cbda29e4d94","version":2,"asset_type":"data_asset","name":"Mortgage_Batch_Scoring.csv","mime":"text/csv","datasource_type":"81bafdbd-b7c6-45c5-a4fd-6ec135f66f4e","object_key":"data_asset/Mortgage_Batch_Scoring.csv","creator_id":"1000330999","create_time":1631481015196,"size":3239,"is_remote":false,"is_managed":false,"is_referenced":true,"is_object_key_read_only":true,"is_user_provided_path_key":true,"transfer_complete":true,"is_partitioned":false,"complete_time_ticks":1631481015196,"user_data":{},"test_doc":0,"handle":{"key":"data_asset/Mortgage_Batch_Scoring.csv","upload_id":"done","max_part_num":1},"usage":{"access_count":0,"last_accessor_id":"1000330999","last_access_time":1631481015196}}]}