{"metadata":{"asset_id":"69de1c93-b60e-4c2d-a085-ddeeb54c1f17","asset_attributes":["data_asset"],"name":"Comments.xlsx","asset_type":"data_asset","created_at":"2021-09-09T14:24:23Z","description":"","origin_country":"us","owner_id":"1000330999","project_id":"6552ff1e-c757-4687-98fc-3f68fb949526","size":56352,"tags":[],"usage":{"last_update_time":1631197463601,"last_updated_at":"2021-09-09T14:24:23Z"}},"entity":{"data_asset":{"mime_type":"application/vnd.openxmlformats-officedocument.spreadsheetml.sheet","dataset":false}},"attachments":[{"id":"bdf89b40-d8fb-4b93-a299-55f4d3d16714","version":2,"asset_type":"data_asset","name":"Comments.xlsx","mime":"application/vnd.openxmlformats-officedocument.spreadsheetml.sheet","datasource_type":"81bafdbd-b7c6-45c5-a4fd-6ec135f66f4e","object_key":"data_asset/Comments.xlsx","creator_id":"icp4d-dev","create_time":1631197463474,"size":56352,"is_remote":false,"is_managed":false,"is_referenced":true,"is_object_key_read_only":false,"is_user_provided_path_key":true,"transfer_complete":true,"is_partitioned":false,"complete_time_ticks":1631197463474,"user_data":{},"test_doc":0,"handle":{"key":"data_asset/Comments.xlsx","upload_id":"done","max_part_num":1},"usage":{"access_count":0,"last_accessor_id":"icp4d-dev","last_access_time":1631197463474}}]}