{"metadata":{"asset_id":"44e1e511-48de-4e0e-9112-8fa34c991c6e","asset_attributes":["data_asset"],"name":"customer_churn_original.csv","asset_type":"data_asset","created_at":"2021-09-09T14:24:22Z","description":"","origin_country":"us","owner_id":"1000330999","project_id":"6552ff1e-c757-4687-98fc-3f68fb949526","size":246062,"tags":[],"usage":{"last_update_time":1631197463215,"last_updated_at":"2021-09-09T14:24:23Z"}},"entity":{"data_asset":{"mime_type":"text/csv","dataset":false}},"attachments":[{"id":"d11770d5-feb5-489a-bf3f-2350fda0d15f","version":2,"asset_type":"data_asset","name":"customer_churn_original.csv","mime":"text/csv","datasource_type":"81bafdbd-b7c6-45c5-a4fd-6ec135f66f4e","object_key":"data_asset/customer_churn_original.csv","creator_id":"icp4d-dev","create_time":1631197462769,"size":246062,"is_remote":false,"is_managed":false,"is_referenced":true,"is_object_key_read_only":false,"is_user_provided_path_key":true,"transfer_complete":true,"is_partitioned":false,"complete_time_ticks":1631197462769,"user_data":{},"test_doc":0,"handle":{"key":"data_asset/customer_churn_original.csv","upload_id":"done","max_part_num":1},"usage":{"access_count":0,"last_accessor_id":"icp4d-dev","last_access_time":1631197462769}}]}