{"metadata":{"asset_id":"80d88a6e-dc5b-4ddd-97d1-30304134be2d","asset_attributes":["data_asset"],"name":"Online_Transactions.csv","asset_type":"data_asset","created_at":"2021-09-12T20:46:00Z","description":"","origin_country":"us","owner_id":"1000330999","project_id":"6552ff1e-c757-4687-98fc-3f68fb949526","size":740273,"tags":[],"usage":{"last_update_time":1631479561258,"last_updated_at":"2021-09-12T20:46:01Z"}},"entity":{"data_asset":{"mime_type":"text/csv","dataset":false}},"attachments":[{"id":"97dacd3f-4968-4688-b1af-58b7ebbe71cf","version":2,"asset_type":"data_asset","name":"Online_Transactions.csv","mime":"text/csv","datasource_type":"81bafdbd-b7c6-45c5-a4fd-6ec135f66f4e","object_key":"data_asset/Online_Transactions.csv","creator_id":"1000330999","create_time":1631479561257,"size":740273,"is_remote":false,"is_managed":false,"is_referenced":true,"is_object_key_read_only":true,"is_user_provided_path_key":true,"transfer_complete":true,"is_partitioned":false,"complete_time_ticks":1631479561257,"user_data":{},"test_doc":0,"handle":{"key":"data_asset/Online_Transactions.csv","upload_id":"done","max_part_num":1},"usage":{"access_count":0,"last_accessor_id":"1000330999","last_access_time":1631479561257}}]}