{"metadata":{"asset_id":"d3e30980-6656-4815-9e11-9279ef0be43d","asset_attributes":["data_asset"],"name":"flow_customer_churn_batch_scoring.csv","asset_type":"data_asset","created_at":"2021-09-09T14:24:22Z","description":"","origin_country":"us","owner_id":"1000330999","project_id":"6552ff1e-c757-4687-98fc-3f68fb949526","size":3773,"tags":[],"usage":{"last_update_time":1631197463164,"last_updated_at":"2021-09-09T14:24:23Z"}},"entity":{"data_asset":{"mime_type":"text/csv","dataset":false}},"attachments":[{"id":"0bc0e8ab-1102-4df3-8046-f6cd2a5aefe8","version":2,"asset_type":"data_asset","name":"flow_customer_churn_batch_scoring.csv","mime":"text/csv","datasource_type":"81bafdbd-b7c6-45c5-a4fd-6ec135f66f4e","object_key":"data_asset/flow_customer_churn_batch_scoring.csv","creator_id":"icp4d-dev","create_time":1631197462863,"size":3773,"is_remote":false,"is_managed":false,"is_referenced":true,"is_object_key_read_only":false,"is_user_provided_path_key":true,"transfer_complete":true,"is_partitioned":false,"complete_time_ticks":1631197462863,"user_data":{},"test_doc":0,"handle":{"key":"data_asset/flow_customer_churn_batch_scoring.csv","upload_id":"done","max_part_num":1},"usage":{"access_count":0,"last_accessor_id":"icp4d-dev","last_access_time":1631197462863}}]}