{"metadata":{"asset_id":"a37c2b3b-9f09-4a46-8446-1ae28735d0e2","asset_attributes":["data_asset"],"name":"Trips_with_new_features.csv","asset_type":"data_asset","created_at":"2021-09-12T20:46:04Z","description":"","origin_country":"us","owner_id":"1000330999","project_id":"6552ff1e-c757-4687-98fc-3f68fb949526","size":19981732,"tags":[],"usage":{"last_update_time":1631479564565,"last_updated_at":"2021-09-12T20:46:04Z"}},"entity":{"data_asset":{"mime_type":"text/csv","dataset":false}},"attachments":[{"id":"6d3bd78a-a7c4-48c8-a56f-0f90515d6430","version":2,"asset_type":"data_asset","name":"Trips_with_new_features.csv","mime":"text/csv","datasource_type":"81bafdbd-b7c6-45c5-a4fd-6ec135f66f4e","object_key":"data_asset/Trips_with_new_features.csv","creator_id":"1000330999","create_time":1631479564564,"size":19981732,"is_remote":false,"is_managed":false,"is_referenced":true,"is_object_key_read_only":true,"is_user_provided_path_key":true,"transfer_complete":true,"is_partitioned":false,"complete_time_ticks":1631479564564,"user_data":{},"test_doc":0,"handle":{"key":"data_asset/Trips_with_new_features.csv","upload_id":"done","max_part_num":1},"usage":{"access_count":0,"last_accessor_id":"1000330999","last_access_time":1631479564564}}]}