{"metadata":{"asset_id":"017399f7-85f0-4090-bec0-d643205a4d4e","asset_attributes":["notebook"],"name":"Read_Write_CSV_Data","asset_type":"notebook","created_at":"2021-09-09T14:24:23Z","description":"","origin_country":"us","owner_id":"icp4d-dev","project_id":"6552ff1e-c757-4687-98fc-3f68fb949526","size":2883,"tags":["notebook"],"usage":{"last_update_time":1631463965532,"last_updated_at":"2021-09-12T16:26:05Z"}},"entity":{"notebook":{"kernel":{"name":"python3","display_name":"Python 3.7","language":"python"},"originates_from":{"type":"file"},"runtime":{"environment":"jupconda37oce-6552ff1e-c757-4687-98fc-3f68fb949526"}}},"attachments":[{"id":"5c97bf7a-a1ce-40e8-9efe-bde3f893a15a","version":2,"asset_type":"notebook","name":"attachment for notebook 017399f7-85f0-4090-bec0-d643205a4d4e","description":"attachment for notebook 017399f7-85f0-4090-bec0-d643205a4d4e","mime":"application/json","datasource_type":"81bafdbd-b7c6-45c5-a4fd-6ec135f66f4e","object_key":"notebook/Read_Write_CSV_Data_TRz3ECpGr.ipynb","creator_id":"1000330999","create_time":1631197464155,"size":2883,"is_remote":false,"is_managed":false,"is_referenced":true,"is_object_key_read_only":false,"is_user_provided_path_key":true,"transfer_complete":true,"is_partitioned":false,"complete_time_ticks":1631197464155,"user_data":{},"test_doc":0,"handle":{"key":"notebook/Read_Write_CSV_Data_TRz3ECpGr.ipynb","upload_id":"done","max_part_num":1},"usage":{"access_count":1,"last_accessor_id":"icp4d-dev","last_access_time":1631197464731,"last_updater_id":"icp4d-dev","last_update_time":1631197464731}}]}