{"metadata":{"asset_id":"ded955bf-9caf-4a01-9aed-c87ee9d94fa8","asset_attributes":["notebook"],"name":"Database_Read_Write","asset_type":"notebook","created_at":"2021-09-09T14:24:23Z","description":"","origin_country":"us","owner_id":"icp4d-dev","project_id":"6552ff1e-c757-4687-98fc-3f68fb949526","size":8505,"tags":["notebook"],"usage":{"last_update_time":1631479266046,"last_updated_at":"2021-09-12T20:41:06Z"}},"entity":{"notebook":{"kernel":{"name":"python3","display_name":"Python 3.7","language":"python"},"originates_from":{"type":"file"},"runtime":{"environment":"jupconda37oce-6552ff1e-c757-4687-98fc-3f68fb949526"}}},"attachments":[{"id":"bda8b8a1-433d-4f90-acec-a25877ec5622","version":2,"asset_type":"notebook","name":"attachment for notebook ded955bf-9caf-4a01-9aed-c87ee9d94fa8","description":"attachment for notebook ded955bf-9caf-4a01-9aed-c87ee9d94fa8","mime":"application/json","datasource_type":"81bafdbd-b7c6-45c5-a4fd-6ec135f66f4e","object_key":"notebook/Database_Read_Write_As0YfX0jc.ipynb","creator_id":"1000330999","create_time":1631197464146,"size":8505,"is_remote":false,"is_managed":false,"is_referenced":true,"is_object_key_read_only":false,"is_user_provided_path_key":true,"transfer_complete":true,"is_partitioned":false,"complete_time_ticks":1631197464146,"user_data":{},"test_doc":0,"handle":{"key":"notebook/Database_Read_Write_As0YfX0jc.ipynb","upload_id":"done","max_part_num":1},"usage":{"access_count":1,"last_accessor_id":"icp4d-dev","last_access_time":1631197464730,"last_updater_id":"icp4d-dev","last_update_time":1631197464730}}]}