{"metadata":{"asset_id":"a9a6d7a8-2dac-49ec-9a6e-c6bda77166a1","asset_attributes":["notebook"],"name":"Predict_Customer_Churn","asset_type":"notebook","created_at":"2021-09-09T14:24:23Z","description":"","origin_country":"us","owner_id":"icp4d-dev","project_id":"6552ff1e-c757-4687-98fc-3f68fb949526","size":85025,"tags":["notebook"],"usage":{"last_update_time":1631475384755,"last_updated_at":"2021-09-12T19:36:24Z"}},"entity":{"notebook":{"kernel":{"name":"python3","display_name":"Python 3.7","language":"python"},"originates_from":{"type":"file"},"runtime":{"environment":"jupconda37oce-6552ff1e-c757-4687-98fc-3f68fb949526"}}},"attachments":[{"id":"7594027c-10a5-45a8-85ef-744b85df908a","version":2,"asset_type":"notebook","name":"attachment for notebook a9a6d7a8-2dac-49ec-9a6e-c6bda77166a1","description":"attachment for notebook a9a6d7a8-2dac-49ec-9a6e-c6bda77166a1","mime":"application/json","datasource_type":"81bafdbd-b7c6-45c5-a4fd-6ec135f66f4e","object_key":"notebook/Predict_Customer_Churn_dfrTjWu7d.ipynb","creator_id":"1000330999","create_time":1631197464106,"size":85025,"is_remote":false,"is_managed":false,"is_referenced":true,"is_object_key_read_only":false,"is_user_provided_path_key":true,"transfer_complete":true,"is_partitioned":false,"complete_time_ticks":1631197464106,"user_data":{},"test_doc":0,"handle":{"key":"notebook/Predict_Customer_Churn_dfrTjWu7d.ipynb","upload_id":"done","max_part_num":1},"usage":{"access_count":1,"last_accessor_id":"icp4d-dev","last_access_time":1631197464727,"last_updater_id":"icp4d-dev","last_update_time":1631197464727}}]}