{"metadata":{"asset_id":"5b14e6a9-a96e-456d-b814-96cb3e0121e7","asset_attributes":["notebook"],"name":"Deployment_with_API","asset_type":"notebook","created_at":"2021-09-09T14:24:23Z","description":"","origin_country":"us","owner_id":"icp4d-dev","project_id":"6552ff1e-c757-4687-98fc-3f68fb949526","size":118532,"tags":["notebook"],"usage":{"last_update_time":1631477472028,"last_updated_at":"2021-09-12T20:11:12Z"}},"entity":{"notebook":{"kernel":{"name":"python3","display_name":"Python 3.7","language":"python"},"originates_from":{"type":"file"},"runtime":{"environment":"jupconda37oce-6552ff1e-c757-4687-98fc-3f68fb949526"}}},"attachments":[{"id":"571d41f7-3197-464b-8be1-f8096993be01","version":2,"asset_type":"notebook","name":"attachment for notebook 5b14e6a9-a96e-456d-b814-96cb3e0121e7","description":"attachment for notebook 5b14e6a9-a96e-456d-b814-96cb3e0121e7","mime":"application/json","datasource_type":"81bafdbd-b7c6-45c5-a4fd-6ec135f66f4e","object_key":"notebook/Deployment_with_API_UhgmBLmrH.ipynb","creator_id":"1000330999","create_time":1631197464146,"size":118532,"is_remote":false,"is_managed":false,"is_referenced":true,"is_object_key_read_only":false,"is_user_provided_path_key":true,"transfer_complete":true,"is_partitioned":false,"complete_time_ticks":1631197464146,"user_data":{},"test_doc":0,"handle":{"key":"notebook/Deployment_with_API_UhgmBLmrH.ipynb","upload_id":"done","max_part_num":1},"usage":{"access_count":1,"last_accessor_id":"icp4d-dev","last_access_time":1631197464727,"last_updater_id":"icp4d-dev","last_update_time":1631197464727}}]}