{"fields":[{"key":"connection_id","type":"string","facet":false,"is_array":false,"is_searchable_across_types":false},{"key":"connection_path","type":"string","facet":false,"is_array":false,"is_searchable_across_types":false},{"key":"discovery_id","type":"string","facet":false,"is_array":false,"is_searchable_across_types":false},{"key":"metadata_import_id","type":"string","facet":false,"is_array":false,"is_searchable_across_types":true},{"key":"first_imported_timestamp","type":"number","facet":false,"is_array":false,"is_searchable_across_types":true},{"key":"last_imported_timestamp","type":"number","facet":false,"is_array":false,"is_searchable_across_types":true},{"key":"outdated_timestamp","type":"number","facet":false,"is_array":false,"is_searchable_across_types":true},{"key":"last_discovered_timestamp","type":"number","facet":false,"is_array":false,"is_searchable_across_types":false}],"external_asset_preview":{},"relationships":[],"global_search_searchable":[],"name":"discovered_asset","version":2,"scope":"GLOBAL"}