{"description":"Software specifications to be used with environments","fields":[{"key":"base_software_specification_guid","type":"string","facet":false,"is_array":false,"search_path":"asset.base_software_specification.guid","is_searchable_across_types":true},{"key":"package_extensions_guid","type":"string","facet":false,"is_array":true,"search_path":"asset.package_extensions[].guid","is_searchable_across_types":true}],"external_asset_preview":{},"relationships":[],"global_search_searchable":[],"name":"software_specification","version":1,"scope":"GLOBAL"}