{"description":"Model definition asset type","fields":[{"key":"tags","type":"string","facet":false,"is_array":true,"search_path":"asset.tags","is_searchable_across_types":false},{"key":"software_spec.id","type":"string","facet":false,"is_array":false,"search_path":"software_spec.id","is_searchable_across_types":false},{"key":"software_spec.base_id","type":"string","facet":false,"is_array":false,"search_path":"software_spec.base_id","is_searchable_across_types":false}],"external_asset_preview":{},"relationships":[{"key":"software_spec.id","target_asset_type":"software_specification","on_delete_target":"IGNORE","on_delete":"IGNORE","on_clone_target":"IGNORE","on_clone":"IGNORE","on_promote":"IGNORE","on_publish":"IGNORE"}],"properties":{"command":{"type":"string","description":"command for the model_definition","placeholder":"Put a value here","is_array":false,"required":false,"hidden":false,"readonly":false,"min_length":0,"max_length":1000},"custom":{"type":"object","description":"caller defined properties","placeholder":"Put a value here","is_array":false,"required":false,"hidden":false,"readonly":false,"properties":{"{user-defined-property}":{"description":"custom property","placeholder":"Put a value here","required":false,"hidden":false,"readonly":false}}},"ml_version":{"type":"string","description":"Internal version of the ml asset type","placeholder":"Put a value here","is_array":false,"required":true,"hidden":true,"readonly":true,"default_value":"4.0.1"},"platform":{"type":"object","description":"platform of the model_definition","placeholder":"Put a value here","is_array":false,"required":true,"hidden":false,"readonly":false,"properties":{"name":{"type":"string","description":"name","placeholder":"Put a value here","is_array":false,"required":true,"hidden":false,"readonly":false},"versions":{"type":"string","description":"versions","placeholder":"Put a value here","is_array":true,"required":true,"hidden":false,"readonly":false}}},"software_spec":{"type":"object","description":"software_spec of the model definition","placeholder":"Put a value here","is_array":false,"required":false,"hidden":false,"readonly":false,"properties":{"base_id":{"type":"string","description":"base software_spec id","placeholder":"Put a value here","is_array":false,"required":false,"hidden":true,"readonly":false},"id":{"type":"string","description":"software_spec id","placeholder":"Put a value here","is_array":false,"required":false,"hidden":false,"readonly":false},"name":{"type":"string","description":"software_spec name","placeholder":"Put a value here","is_array":false,"required":false,"hidden":false,"readonly":false},"rev":{"type":"string","description":"software_spec rev","placeholder":"Put a value here","is_array":false,"required":false,"hidden":false,"readonly":false}}},"version":{"type":"string","description":"package version","placeholder":"Put a value here","is_array":false,"required":true,"hidden":false,"readonly":false,"default_value":"1.0","min_length":0,"max_length":100}},"global_search_searchable":[],"name":"wml_model_definition","version":1,"scope":"GLOBAL"}