{"metadata":{"asset_id":"20489c98-3fe8-4dd4-ad01-a7d35217a81d","asset_attributes":["data_asset"],"name":"flow_customer_churn_batch_scoring.csv","asset_type":"data_asset","created_at":"2021-12-01T16:28:04Z","description":"","origin_country":"us","owner_id":"1000331005","project_id":"468ec393-b896-4008-be57-3dc48ff070cb","size":3773,"tags":[],"usage":{"last_update_time":1638376084876,"last_updated_at":"2021-12-01T16:28:04Z"}},"entity":{"data_asset":{"mime_type":"text/csv","dataset":false}},"attachments":[{"id":"6f704b98-e9a7-4012-9e68-b39fb049cc6e","version":2,"asset_type":"data_asset","name":"flow_customer_churn_batch_scoring.csv","mime":"text/csv","datasource_type":"81bafdbd-b7c6-45c5-a4fd-6ec135f66f4e","object_key":"data_asset/flow_customer_churn_batch_scoring.csv","creator_id":"icp4d-dev","create_time":1638376084669,"size":3773,"is_remote":false,"is_managed":false,"is_referenced":true,"is_object_key_read_only":false,"is_user_provided_path_key":true,"transfer_complete":true,"is_partitioned":false,"complete_time_ticks":1638376084669,"user_data":{},"test_doc":0,"handle":{"key":"data_asset/flow_customer_churn_batch_scoring.csv","upload_id":"done","max_part_num":1},"usage":{"access_count":0,"last_accessor_id":"icp4d-dev","last_access_time":1638376084669}}]}