{"metadata":{"asset_id":"e8b3dc3e-1f10-453b-801b-6992216d2e61","asset_attributes":["data_asset"],"name":"Mortgage_Batch_Scoring.csv","asset_type":"data_asset","created_at":"2021-12-01T16:28:04Z","description":"","origin_country":"us","owner_id":"1000331005","project_id":"468ec393-b896-4008-be57-3dc48ff070cb","size":3239,"tags":[],"usage":{"last_update_time":1638376084944,"last_updated_at":"2021-12-01T16:28:04Z"}},"entity":{"data_asset":{"mime_type":"text/csv","dataset":false}},"attachments":[{"id":"d3f43741-4894-43a0-a86f-caa599819a4b","version":2,"asset_type":"data_asset","name":"Mortgage_Batch_Scoring.csv","mime":"text/csv","datasource_type":"81bafdbd-b7c6-45c5-a4fd-6ec135f66f4e","object_key":"data_asset/Mortgage_Batch_Scoring.csv","creator_id":"icp4d-dev","create_time":1638376084672,"size":3239,"is_remote":false,"is_managed":false,"is_referenced":true,"is_object_key_read_only":true,"is_user_provided_path_key":true,"transfer_complete":true,"is_partitioned":false,"complete_time_ticks":1638376084672,"user_data":{},"test_doc":0,"handle":{"key":"data_asset/Mortgage_Batch_Scoring.csv","upload_id":"done","max_part_num":1},"usage":{"access_count":0,"last_accessor_id":"icp4d-dev","last_access_time":1638376084672}}]}