{"metadata":{"asset_id":"b1b9884d-da11-4d50-9ae4-108d6037c124","asset_attributes":["data_asset"],"name":"ScoringResults.csv","asset_type":"data_asset","created_at":"2021-12-02T13:42:15Z","description":"","origin_country":"us","owner_id":"1000331005","project_id":"468ec393-b896-4008-be57-3dc48ff070cb","size":19509,"tags":[],"usage":{"last_update_time":1638452536215,"last_updated_at":"2021-12-02T13:42:16Z"}},"entity":{"data_asset":{"mime_type":"text/csv","dataset":false}},"attachments":[{"id":"08d5f355-906a-4deb-892b-164a13f3c941","version":2,"asset_type":"data_asset","name":"ScoringResults.csv","mime":"text/csv","datasource_type":"81bafdbd-b7c6-45c5-a4fd-6ec135f66f4e","object_key":"data_asset/ScoringResults.csv","creator_id":"1000331005","create_time":1638452536210,"size":19509,"is_remote":false,"is_managed":false,"is_referenced":true,"is_object_key_read_only":false,"is_user_provided_path_key":true,"transfer_complete":true,"is_partitioned":false,"complete_time_ticks":1638452536210,"user_data":{},"test_doc":0,"handle":{"key":"data_asset/ScoringResults.csv","upload_id":"done","max_part_num":1},"usage":{"access_count":0,"last_accessor_id":"1000331005","last_access_time":1638452536210}}]}