{"metadata":{"asset_id":"fd32040a-c38b-497c-8d87-75a29835aa3f","asset_attributes":["data_asset"],"name":"Trips.csv","asset_type":"data_asset","created_at":"2021-12-01T16:28:04Z","description":"","origin_country":"us","owner_id":"1000331005","project_id":"468ec393-b896-4008-be57-3dc48ff070cb","size":12979278,"tags":[],"usage":{"last_update_time":1638376084725,"last_updated_at":"2021-12-01T16:28:04Z"}},"entity":{"data_asset":{"mime_type":"text/csv","dataset":false}},"attachments":[{"id":"b3e6fa40-675f-46fa-a436-37bbe433419c","version":2,"asset_type":"data_asset","name":"Trips.csv","mime":"text/csv","datasource_type":"81bafdbd-b7c6-45c5-a4fd-6ec135f66f4e","object_key":"data_asset/Trips.csv","creator_id":"icp4d-dev","create_time":1638376084579,"size":12979278,"is_remote":false,"is_managed":false,"is_referenced":true,"is_object_key_read_only":true,"is_user_provided_path_key":true,"transfer_complete":true,"is_partitioned":false,"complete_time_ticks":1638376084579,"user_data":{},"test_doc":0,"handle":{"key":"data_asset/Trips.csv","upload_id":"done","max_part_num":1},"usage":{"access_count":0,"last_accessor_id":"icp4d-dev","last_access_time":1638376084579}}]}