{"metadata":{"asset_id":"b6317a02-ef76-4a0e-852e-25584e8f263f","asset_attributes":["data_asset"],"name":"CustomerDataforClassification.csv","asset_type":"data_asset","created_at":"2021-12-01T16:28:05Z","description":"","origin_country":"us","owner_id":"1000331005","project_id":"468ec393-b896-4008-be57-3dc48ff070cb","size":173631,"tags":[],"usage":{"last_update_time":1638376085759,"last_updated_at":"2021-12-01T16:28:05Z"}},"entity":{"data_asset":{"mime_type":"text/csv","dataset":false}},"attachments":[{"id":"0fffbdcf-d012-40f7-8484-7e12c769a475","version":2,"asset_type":"data_asset","name":"CustomerDataforClassification.csv","mime":"text/csv","datasource_type":"81bafdbd-b7c6-45c5-a4fd-6ec135f66f4e","object_key":"data_asset/CustomerDataforClassification.csv","creator_id":"icp4d-dev","create_time":1638376085391,"size":173631,"is_remote":false,"is_managed":false,"is_referenced":true,"is_object_key_read_only":true,"is_user_provided_path_key":true,"transfer_complete":true,"is_partitioned":false,"complete_time_ticks":1638376085391,"user_data":{},"test_doc":0,"handle":{"key":"data_asset/CustomerDataforClassification.csv","upload_id":"done","max_part_num":1},"usage":{"access_count":0,"last_accessor_id":"icp4d-dev","last_access_time":1638376085391}}]}