{"metadata":{"asset_id":"0c8595e9-7d07-44dc-af06-05f7973a6985","asset_attributes":["data_asset"],"name":"CustomerDataSegmentation.csv","asset_type":"data_asset","created_at":"2021-12-01T16:28:05Z","description":"","origin_country":"us","owner_id":"1000331005","project_id":"468ec393-b896-4008-be57-3dc48ff070cb","size":129224,"tags":[],"usage":{"last_update_time":1638376085756,"last_updated_at":"2021-12-01T16:28:05Z"}},"entity":{"data_asset":{"mime_type":"text/csv","dataset":false}},"attachments":[{"id":"0dbe4069-dc03-4c6c-b569-87365f654e7c","version":2,"asset_type":"data_asset","name":"CustomerDataSegmentation.csv","mime":"text/csv","datasource_type":"81bafdbd-b7c6-45c5-a4fd-6ec135f66f4e","object_key":"data_asset/CustomerDataSegmentation.csv","creator_id":"icp4d-dev","create_time":1638376085580,"size":129224,"is_remote":false,"is_managed":false,"is_referenced":true,"is_object_key_read_only":true,"is_user_provided_path_key":true,"transfer_complete":true,"is_partitioned":false,"complete_time_ticks":1638376085580,"user_data":{},"test_doc":0,"handle":{"key":"data_asset/CustomerDataSegmentation.csv","upload_id":"done","max_part_num":1},"usage":{"access_count":0,"last_accessor_id":"icp4d-dev","last_access_time":1638376085580}}]}