{"metadata":{"asset_id":"8fc7208d-1fdc-4fa2-8a75-f4735b28a71d","asset_attributes":["data_asset"],"name":"Comments.csv","asset_type":"data_asset","created_at":"2021-12-01T16:28:04Z","description":"","origin_country":"us","owner_id":"1000331005","project_id":"468ec393-b896-4008-be57-3dc48ff070cb","size":77395,"tags":[],"usage":{"last_update_time":1638376084907,"last_updated_at":"2021-12-01T16:28:04Z"}},"entity":{"data_asset":{"mime_type":"text/csv","dataset":false}},"attachments":[{"id":"24543efc-f1a4-424f-9024-ed2fb51dd613","version":2,"asset_type":"data_asset","name":"Comments.csv","mime":"text/csv","datasource_type":"81bafdbd-b7c6-45c5-a4fd-6ec135f66f4e","object_key":"data_asset/Comments.csv","creator_id":"icp4d-dev","create_time":1638376084780,"size":77395,"is_remote":false,"is_managed":false,"is_referenced":true,"is_object_key_read_only":true,"is_user_provided_path_key":true,"transfer_complete":true,"is_partitioned":false,"complete_time_ticks":1638376084780,"user_data":{},"test_doc":0,"handle":{"key":"data_asset/Comments.csv","upload_id":"done","max_part_num":1},"usage":{"access_count":0,"last_accessor_id":"icp4d-dev","last_access_time":1638376084780}}]}