{"metadata":{"asset_id":"07f102c4-48c0-4f34-b006-e842a0a14444","asset_attributes":["data_asset"],"name":"CustomerDataforClassification.xlsx","asset_type":"data_asset","created_at":"2021-12-01T16:28:05Z","description":"","origin_country":"us","owner_id":"1000331005","project_id":"468ec393-b896-4008-be57-3dc48ff070cb","size":153989,"tags":[],"usage":{"last_update_time":1638376085559,"last_updated_at":"2021-12-01T16:28:05Z"}},"entity":{"data_asset":{"mime_type":"application/vnd.openxmlformats-officedocument.spreadsheetml.sheet","dataset":false}},"attachments":[{"id":"b972e852-55ea-43c3-8074-70d139e9c3f8","version":2,"asset_type":"data_asset","name":"CustomerDataforClassification.xlsx","mime":"application/vnd.openxmlformats-officedocument.spreadsheetml.sheet","datasource_type":"81bafdbd-b7c6-45c5-a4fd-6ec135f66f4e","object_key":"data_asset/CustomerDataforClassification.xlsx","creator_id":"icp4d-dev","create_time":1638376085362,"size":153989,"is_remote":false,"is_managed":false,"is_referenced":true,"is_object_key_read_only":false,"is_user_provided_path_key":true,"transfer_complete":true,"is_partitioned":false,"complete_time_ticks":1638376085362,"user_data":{},"test_doc":0,"handle":{"key":"data_asset/CustomerDataforClassification.xlsx","upload_id":"done","max_part_num":1},"usage":{"access_count":0,"last_accessor_id":"icp4d-dev","last_access_time":1638376085362}}]}