{"metadata":{"asset_id":"d0626073-666e-4081-91cc-2e8ab3763e01","asset_attributes":["data_asset"],"name":"Trips_with_new_features.csv","asset_type":"data_asset","created_at":"2021-12-01T16:28:05Z","description":"","origin_country":"us","owner_id":"1000331005","project_id":"468ec393-b896-4008-be57-3dc48ff070cb","size":19981732,"tags":[],"usage":{"last_update_time":1638376085756,"last_updated_at":"2021-12-01T16:28:05Z"}},"entity":{"data_asset":{"mime_type":"text/csv","dataset":false}},"attachments":[{"id":"6fb3b317-26d4-492e-9e13-95426442457b","version":2,"asset_type":"data_asset","name":"Trips_with_new_features.csv","mime":"text/csv","datasource_type":"81bafdbd-b7c6-45c5-a4fd-6ec135f66f4e","object_key":"data_asset/Trips_with_new_features.csv","creator_id":"icp4d-dev","create_time":1638376085389,"size":19981732,"is_remote":false,"is_managed":false,"is_referenced":true,"is_object_key_read_only":true,"is_user_provided_path_key":true,"transfer_complete":true,"is_partitioned":false,"complete_time_ticks":1638376085389,"user_data":{},"test_doc":0,"handle":{"key":"data_asset/Trips_with_new_features.csv","upload_id":"done","max_part_num":1},"usage":{"access_count":0,"last_accessor_id":"icp4d-dev","last_access_time":1638376085389}}]}