{"metadata":{"asset_id":"6a4094b4-8b9c-487e-b9e9-40aba8899779","asset_attributes":["data_asset"],"name":"customer_churn_original.csv","asset_type":"data_asset","created_at":"2021-12-01T16:28:05Z","description":"","origin_country":"us","owner_id":"1000331005","project_id":"468ec393-b896-4008-be57-3dc48ff070cb","size":246062,"tags":[],"usage":{"last_update_time":1638376085477,"last_updated_at":"2021-12-01T16:28:05Z"}},"entity":{"data_asset":{"mime_type":"text/csv","dataset":false}},"attachments":[{"id":"eafb9e63-797f-4d81-aa80-ef338fbf6a60","version":2,"asset_type":"data_asset","name":"customer_churn_original.csv","mime":"text/csv","datasource_type":"81bafdbd-b7c6-45c5-a4fd-6ec135f66f4e","object_key":"data_asset/customer_churn_original.csv","creator_id":"icp4d-dev","create_time":1638376085180,"size":246062,"is_remote":false,"is_managed":false,"is_referenced":true,"is_object_key_read_only":false,"is_user_provided_path_key":true,"transfer_complete":true,"is_partitioned":false,"complete_time_ticks":1638376085180,"user_data":{},"test_doc":0,"handle":{"key":"data_asset/customer_churn_original.csv","upload_id":"done","max_part_num":1},"usage":{"access_count":0,"last_accessor_id":"icp4d-dev","last_access_time":1638376085180}}]}