{"metadata":{"asset_id":"7b1d39d5-597a-4d26-9edf-19d3add3fafb","asset_attributes":["data_asset"],"name":"new_customers_with_id.csv","asset_type":"data_asset","created_at":"2021-12-06T22:31:21Z","description":"","origin_country":"us","owner_id":"1000331009","project_id":"468ec393-b896-4008-be57-3dc48ff070cb","size":11643,"tags":[],"usage":{"last_update_time":1638829882070,"last_updated_at":"2021-12-06T22:31:22Z"}},"entity":{"data_asset":{"mime_type":"text/csv","dataset":false}},"attachments":[{"id":"1f83eaaa-5eb3-48ab-8967-f53d49d9632d","version":2,"asset_type":"data_asset","name":"new_customers_with_id.csv","mime":"text/csv","datasource_type":"81bafdbd-b7c6-45c5-a4fd-6ec135f66f4e","object_key":"data_asset/new_customers_with_id.csv","creator_id":"1000331009","create_time":1638829882068,"size":11643,"is_remote":false,"is_managed":false,"is_referenced":true,"is_object_key_read_only":true,"is_user_provided_path_key":true,"transfer_complete":true,"is_partitioned":false,"complete_time_ticks":1638829882068,"user_data":{},"test_doc":0,"handle":{"key":"data_asset/new_customers_with_id.csv","upload_id":"done","max_part_num":1},"usage":{"access_count":0,"last_accessor_id":"1000331009","last_access_time":1638829882068}}]}