{"metadata":{"asset_id":"065f30ec-cdee-45ab-a3ac-8eb6743a54ca","asset_attributes":["data_asset"],"name":"churn.csv","asset_type":"data_asset","created_at":"2021-12-01T16:28:04Z","description":"","origin_country":"us","owner_id":"1000331005","project_id":"468ec393-b896-4008-be57-3dc48ff070cb","size":8546,"tags":[],"usage":{"last_update_time":1638376084961,"last_updated_at":"2021-12-01T16:28:04Z"}},"entity":{"data_asset":{"mime_type":"text/csv","dataset":false}},"attachments":[{"id":"be14f1cc-ca76-41de-8edb-3691b9badc36","version":2,"asset_type":"data_asset","name":"churn.csv","mime":"text/csv","datasource_type":"81bafdbd-b7c6-45c5-a4fd-6ec135f66f4e","object_key":"data_asset/churn.csv","creator_id":"icp4d-dev","create_time":1638376084693,"size":8546,"is_remote":false,"is_managed":false,"is_referenced":true,"is_object_key_read_only":false,"is_user_provided_path_key":true,"transfer_complete":true,"is_partitioned":false,"complete_time_ticks":1638376084693,"user_data":{},"test_doc":0,"handle":{"key":"data_asset/churn.csv","upload_id":"done","max_part_num":1},"usage":{"access_count":0,"last_accessor_id":"icp4d-dev","last_access_time":1638376084693}}]}