{"metadata":{"asset_id":"148466c8-16b4-4362-b52b-46b9a9a2b0c9","asset_attributes":["data_asset"],"name":"Comments.xlsx","asset_type":"data_asset","created_at":"2021-12-01T16:28:04Z","description":"","origin_country":"us","owner_id":"1000331005","project_id":"468ec393-b896-4008-be57-3dc48ff070cb","size":56352,"tags":[],"usage":{"last_update_time":1638376084824,"last_updated_at":"2021-12-01T16:28:04Z"}},"entity":{"data_asset":{"mime_type":"application/vnd.openxmlformats-officedocument.spreadsheetml.sheet","dataset":false}},"attachments":[{"id":"07323b8e-f71f-4383-a79d-84d3593dea6b","version":2,"asset_type":"data_asset","name":"Comments.xlsx","mime":"application/vnd.openxmlformats-officedocument.spreadsheetml.sheet","datasource_type":"81bafdbd-b7c6-45c5-a4fd-6ec135f66f4e","object_key":"data_asset/Comments.xlsx","creator_id":"icp4d-dev","create_time":1638376084670,"size":56352,"is_remote":false,"is_managed":false,"is_referenced":true,"is_object_key_read_only":false,"is_user_provided_path_key":true,"transfer_complete":true,"is_partitioned":false,"complete_time_ticks":1638376084670,"user_data":{},"test_doc":0,"handle":{"key":"data_asset/Comments.xlsx","upload_id":"done","max_part_num":1},"usage":{"access_count":0,"last_accessor_id":"icp4d-dev","last_access_time":1638376084670}}]}