{"metadata":{"asset_id":"0b1ec007-88d7-40a8-9188-dc041d6bca10","asset_attributes":["job"],"name":"Test","asset_type":"job","created_at":"2021-12-02T15:11:00Z","description":"","origin_country":"us","owner_id":"1000331005","project_id":"468ec393-b896-4008-be57-3dc48ff070cb","size":0,"tags":[],"usage":{"last_update_time":1638457860600,"last_updated_at":"2021-12-02T15:11:00Z"}},"entity":{"job":{"asset_ref_type":"machine-learning-stream","configuration":{"env_id":"modcpd1-468ec393-b896-4008-be57-3dc48ff070cb","branches":["idN7V11RDNMK"],"env_type":"modeler","env_variables":[]},"last_run_initiator":"None","last_run_time":"","last_run_status":"None","last_run_status_timestamp":0,"future_scheduled_runs":[],"enable_notifications":true,"project_name":"IBM Workshop","asset_ref":"8e6ffd54-9519-4c4a-8857-528f6b301990"}}}