{"metadata":{"asset_id":"ba3f224f-39d0-402b-bf0c-8c67be1a08c4","asset_attributes":["notebook"],"name":"Read_Write_CSV_Data","asset_type":"notebook","created_at":"2021-12-01T16:28:06Z","description":"","origin_country":"us","owner_id":"icp4d-dev","project_id":"468ec393-b896-4008-be57-3dc48ff070cb","size":3360,"tags":["notebook"],"usage":{"last_update_time":1638907288673,"last_updated_at":"2021-12-07T20:01:28Z"}},"entity":{"notebook":{"kernel":{"name":"python3","display_name":"Python 3.7","language":"python"},"originates_from":{"type":"file"},"runtime":{"environment":"jupconda38-468ec393-b896-4008-be57-3dc48ff070cb"}}},"attachments":[{"id":"6d7046ff-5fe9-4287-a75a-45ced4fd9bec","version":2,"asset_type":"notebook","name":"attachment for notebook ba3f224f-39d0-402b-bf0c-8c67be1a08c4","description":"attachment for notebook ba3f224f-39d0-402b-bf0c-8c67be1a08c4","mime":"application/json","datasource_type":"81bafdbd-b7c6-45c5-a4fd-6ec135f66f4e","object_key":"notebook/Read_Write_CSV_Data_TRz3ECpGr.ipynb","creator_id":"1000331005","create_time":1638376086466,"size":3360,"is_remote":false,"is_managed":false,"is_referenced":true,"is_object_key_read_only":false,"is_user_provided_path_key":true,"transfer_complete":true,"is_partitioned":false,"complete_time_ticks":1638376086466,"user_data":{},"test_doc":0,"handle":{"key":"notebook/Read_Write_CSV_Data_TRz3ECpGr.ipynb","upload_id":"done","max_part_num":1},"usage":{"access_count":1,"last_accessor_id":"icp4d-dev","last_access_time":1638376086977,"last_updater_id":"icp4d-dev","last_update_time":1638376086977}}]}