{"metadata":{"asset_id":"b568e2ad-3bd0-42fa-8cba-f06e16a3a4a7","asset_attributes":["notebook"],"name":"Database_Read_Write","asset_type":"notebook","created_at":"2021-12-01T16:28:06Z","description":"","origin_country":"us","owner_id":"icp4d-dev","project_id":"468ec393-b896-4008-be57-3dc48ff070cb","size":8663,"tags":["notebook"],"usage":{"last_update_time":1638376087450,"last_updated_at":"2021-12-01T16:28:07Z"}},"entity":{"notebook":{"kernel":{"name":"python3","display_name":"Python 3.7","language":"python"},"originates_from":{"type":"file"},"runtime":{"environment":"jupconda38-468ec393-b896-4008-be57-3dc48ff070cb"}}},"attachments":[{"id":"b5a6feda-b1d4-40b9-a4b8-069b741db518","version":2,"asset_type":"notebook","name":"attachment for notebook b568e2ad-3bd0-42fa-8cba-f06e16a3a4a7","description":"attachment for notebook b568e2ad-3bd0-42fa-8cba-f06e16a3a4a7","mime":"application/json","datasource_type":"81bafdbd-b7c6-45c5-a4fd-6ec135f66f4e","object_key":"notebook/Database_Read_Write_As0YfX0jc.ipynb","creator_id":"1000331005","create_time":1638376086494,"size":8663,"is_remote":false,"is_managed":false,"is_referenced":true,"is_object_key_read_only":false,"is_user_provided_path_key":true,"transfer_complete":true,"is_partitioned":false,"complete_time_ticks":1638376086494,"user_data":{},"test_doc":0,"handle":{"key":"notebook/Database_Read_Write_As0YfX0jc.ipynb","upload_id":"done","max_part_num":1},"usage":{"access_count":1,"last_accessor_id":"icp4d-dev","last_access_time":1638376087016,"last_updater_id":"icp4d-dev","last_update_time":1638376087016}}]}