{"metadata":{"asset_id":"7062c6b1-e45f-4d6b-98d7-a4f3e941122f","asset_attributes":["notebook"],"name":"Deployment_with_API","asset_type":"notebook","created_at":"2021-12-01T16:28:06Z","description":"","origin_country":"us","owner_id":"icp4d-dev","project_id":"468ec393-b896-4008-be57-3dc48ff070cb","size":24840,"tags":["notebook"],"usage":{"last_update_time":1638816061457,"last_updated_at":"2021-12-06T18:41:01Z"}},"entity":{"notebook":{"kernel":{"name":"python3","display_name":"Python 3.7","language":"python"},"originates_from":{"type":"file"},"runtime":{"environment":"jupconda38-468ec393-b896-4008-be57-3dc48ff070cb"}}},"attachments":[{"id":"01d90bbd-485d-4391-ad0c-8e5060683d11","version":2,"asset_type":"notebook","name":"attachment for notebook 7062c6b1-e45f-4d6b-98d7-a4f3e941122f","description":"attachment for notebook 7062c6b1-e45f-4d6b-98d7-a4f3e941122f","mime":"application/json","datasource_type":"81bafdbd-b7c6-45c5-a4fd-6ec135f66f4e","object_key":"notebook/Deployment_with_API_UhgmBLmrH.ipynb","creator_id":"1000331005","create_time":1638376086466,"size":24840,"is_remote":false,"is_managed":false,"is_referenced":true,"is_object_key_read_only":false,"is_user_provided_path_key":true,"transfer_complete":true,"is_partitioned":false,"complete_time_ticks":1638376086466,"user_data":{},"test_doc":0,"handle":{"key":"notebook/Deployment_with_API_UhgmBLmrH.ipynb","upload_id":"done","max_part_num":1},"usage":{"access_count":1,"last_accessor_id":"icp4d-dev","last_access_time":1638376087020,"last_updater_id":"icp4d-dev","last_update_time":1638376087020}}]}