{"metadata":{"asset_id":"f77c1e38-3293-4a73-ab43-c809aeb9af7b","asset_attributes":["notebook"],"name":"Predict_Customer_Churn","asset_type":"notebook","created_at":"2021-12-01T16:28:06Z","description":"","origin_country":"us","owner_id":"icp4d-dev","project_id":"468ec393-b896-4008-be57-3dc48ff070cb","size":14309,"tags":["notebook"],"usage":{"last_update_time":1638904114710,"last_updated_at":"2021-12-07T19:08:34Z"}},"entity":{"notebook":{"kernel":{"name":"python3","display_name":"Python 3.8","language":"python"},"originates_from":{"type":"file"},"runtime":{"environment":"jupconda38-468ec393-b896-4008-be57-3dc48ff070cb"}}},"attachments":[{"id":"0b9631c6-6b09-49c6-90e7-e58a79495429","version":2,"asset_type":"notebook","name":"attachment for notebook f77c1e38-3293-4a73-ab43-c809aeb9af7b","description":"attachment for notebook f77c1e38-3293-4a73-ab43-c809aeb9af7b","mime":"application/json","datasource_type":"81bafdbd-b7c6-45c5-a4fd-6ec135f66f4e","object_key":"notebook/Predict_Customer_Churn_dfrTjWu7d.ipynb","creator_id":"1000331005","create_time":1638376086483,"size":14309,"is_remote":false,"is_managed":false,"is_referenced":true,"is_object_key_read_only":false,"is_user_provided_path_key":true,"transfer_complete":true,"is_partitioned":false,"complete_time_ticks":1638376086483,"user_data":{},"test_doc":0,"handle":{"key":"notebook/Predict_Customer_Churn_dfrTjWu7d.ipynb","upload_id":"done","max_part_num":1},"usage":{"access_count":1,"last_accessor_id":"icp4d-dev","last_access_time":1638376087019,"last_updater_id":"icp4d-dev","last_update_time":1638376087019}}]}