{"metadata":{"asset_id":"53a335ae-ea33-448d-afc2-deaedb869e1a","asset_attributes":["notebook"],"name":"Score_Custom_Model","asset_type":"notebook","created_at":"2021-12-06T17:00:36Z","description":"","origin_country":"us","owner_id":"1000331005","project_id":"468ec393-b896-4008-be57-3dc48ff070cb","size":24034,"tags":["notebook"],"usage":{"last_update_time":1638909437846,"last_updated_at":"2021-12-07T20:37:17Z"}},"entity":{"notebook":{"kernel":{"name":"python3","display_name":"Python 3.8","language":"python"},"originates_from":{"type":"blank"},"runtime":{"environment":"jupconda38-468ec393-b896-4008-be57-3dc48ff070cb"}}},"attachments":[{"id":"101185f7-23ec-4c2b-9893-07db5225b74f","version":2,"asset_type":"notebook","name":"attachment for notebook 53a335ae-ea33-448d-afc2-deaedb869e1a","description":"attachment for notebook 53a335ae-ea33-448d-afc2-deaedb869e1a","mime":"application/json","datasource_type":"81bafdbd-b7c6-45c5-a4fd-6ec135f66f4e","object_key":"notebook/Score_Custom_Model_fVCBiQz2Y.ipynb","creator_id":"1000331005","create_time":1638810036686,"size":24034,"is_remote":false,"is_managed":false,"is_referenced":true,"is_object_key_read_only":false,"is_user_provided_path_key":true,"transfer_complete":true,"is_partitioned":false,"complete_time_ticks":1638810036686,"user_data":{},"test_doc":0,"handle":{"key":"notebook/Score_Custom_Model_fVCBiQz2Y.ipynb","upload_id":"done","max_part_num":1},"usage":{"access_count":0,"last_accessor_id":"1000331005","last_access_time":1638810036686}}]}