{"metadata":{"asset_id":"2f2adf6b-6ac6-460a-924a-a380a42ce1d7","asset_attributes":["data_asset"],"name":"customer_churn_original.csv","asset_type":"data_asset","created_at":"2021-03-30T20:31:53Z","description":"","origin_country":"us","owner_id":"1000331113","project_id":"9ea20753-d213-41cc-a155-b0ad045bf7cb","size":246062,"tags":[],"usage":{"last_update_time":1617136314318,"last_updated_at":"2021-03-30T20:31:54Z"}},"entity":{"data_asset":{"mime_type":"text/csv","dataset":false}},"attachments":[{"id":"e7098404-1137-472e-9687-40dbf5a30f86","version":2,"asset_type":"data_asset","name":"customer_churn_original.csv","mime":"text/csv","datasource_type":"81bafdbd-b7c6-45c5-a4fd-6ec135f66f4e","object_key":"data_asset/customer_churn_original.csv","creator_id":"1000331113","create_time":1617136314317,"size":246062,"is_remote":false,"is_managed":false,"is_referenced":true,"is_object_key_read_only":true,"is_user_provided_path_key":true,"transfer_complete":true,"is_partitioned":false,"complete_time_ticks":1617136314317,"user_data":{},"test_doc":0,"handle":{"key":"data_asset/customer_churn_original.csv","upload_id":"done","max_part_num":1},"usage":{"access_count":0,"last_accessor_id":"1000331113","last_access_time":1617136314317}}]}