{"metadata":{"asset_id":"02a16706-bdf0-45b5-9c9c-59d053d7cd8b","asset_attributes":["data_asset"],"name":"customer-profile.csv","asset_type":"data_asset","created_at":"2021-03-29T16:03:19Z","description":"","origin_country":"us","owner_id":"1000331113","project_id":"9ea20753-d213-41cc-a155-b0ad045bf7cb","size":77821,"tags":[],"usage":{"last_update_time":1617033800853,"last_updated_at":"2021-03-29T16:03:20Z"}},"entity":{"data_asset":{"mime_type":"text/csv","dataset":false}},"attachments":[{"id":"ec835018-a86a-4f8f-a631-1c9b49f3ed70","version":2,"asset_type":"data_asset","name":"customer-profile.csv","mime":"text/csv","datasource_type":"81bafdbd-b7c6-45c5-a4fd-6ec135f66f4e","object_key":"data_asset/customer-profile.csv","creator_id":"1000331113","create_time":1617033800853,"size":77821,"is_remote":false,"is_managed":false,"is_referenced":true,"is_object_key_read_only":true,"is_user_provided_path_key":true,"transfer_complete":true,"is_partitioned":false,"complete_time_ticks":1617033800853,"user_data":{},"test_doc":0,"handle":{"key":"data_asset/customer-profile.csv","upload_id":"done","max_part_num":1},"usage":{"access_count":0,"last_accessor_id":"1000331113","last_access_time":1617033800853}}]}