{"metadata":{"asset_id":"82e89832-2764-402f-8f72-1c194d7a767a","asset_attributes":["data_asset"],"name":"new_customers.csv","asset_type":"data_asset","created_at":"2021-03-29T16:03:22Z","description":"","origin_country":"us","owner_id":"1000331113","project_id":"9ea20753-d213-41cc-a155-b0ad045bf7cb","size":10804,"tags":[],"usage":{"last_update_time":1617033803308,"last_updated_at":"2021-03-29T16:03:23Z"}},"entity":{"data_asset":{"mime_type":"text/csv","dataset":false}},"attachments":[{"id":"0134b94f-5433-4859-9b7b-57b35f137b85","version":2,"asset_type":"data_asset","name":"new_customers.csv","mime":"text/csv","datasource_type":"81bafdbd-b7c6-45c5-a4fd-6ec135f66f4e","object_key":"data_asset/new_customers.csv","creator_id":"1000331113","create_time":1617033803306,"size":10804,"is_remote":false,"is_managed":false,"is_referenced":true,"is_object_key_read_only":true,"is_user_provided_path_key":true,"transfer_complete":true,"is_partitioned":false,"complete_time_ticks":1617033803306,"user_data":{},"test_doc":0,"handle":{"key":"data_asset/new_customers.csv","upload_id":"done","max_part_num":1},"usage":{"access_count":0,"last_accessor_id":"1000331113","last_access_time":1617033803306}}]}