{"metadata":{"asset_id":"28d14b4a-7f8d-4077-906f-50e2e8f10e43","asset_attributes":["data_asset"],"name":"flow_customer_churn_batch_scoring.csv","asset_type":"data_asset","created_at":"2021-03-29T16:03:17Z","description":"","origin_country":"us","owner_id":"1000331113","project_id":"9ea20753-d213-41cc-a155-b0ad045bf7cb","size":3773,"tags":[],"usage":{"last_update_time":1617033799388,"last_updated_at":"2021-03-29T16:03:19Z"}},"entity":{"data_asset":{"mime_type":"text/csv","dataset":false}},"attachments":[{"id":"bfe2411b-7d56-434d-89e9-0cb7086e9cbf","version":2,"asset_type":"data_asset","name":"flow_customer_churn_batch_scoring.csv","mime":"text/csv","datasource_type":"81bafdbd-b7c6-45c5-a4fd-6ec135f66f4e","object_key":"data_asset/flow_customer_churn_batch_scoring.csv","creator_id":"1000331113","create_time":1617033799388,"size":3773,"is_remote":false,"is_managed":false,"is_referenced":true,"is_object_key_read_only":true,"is_user_provided_path_key":true,"transfer_complete":true,"is_partitioned":false,"complete_time_ticks":1617033799388,"user_data":{},"test_doc":0,"handle":{"key":"data_asset/flow_customer_churn_batch_scoring.csv","upload_id":"done","max_part_num":1},"usage":{"access_count":0,"last_accessor_id":"1000331113","last_access_time":1617033799388}}]}