{"metadata":{"asset_id":"dcd5cc1d-166e-4769-bc56-7777ab2d9725","asset_attributes":["data_asset"],"name":"customer_churn.csv","asset_type":"data_asset","created_at":"2021-03-29T16:03:19Z","description":"","origin_country":"us","owner_id":"1000331113","project_id":"9ea20753-d213-41cc-a155-b0ad045bf7cb","size":81974,"tags":[],"usage":{"last_update_time":1617033802069,"last_updated_at":"2021-03-29T16:03:22Z"}},"entity":{"data_asset":{"mime_type":"text/csv","dataset":false}},"attachments":[{"id":"452672c7-876b-4a43-bfd0-764ca5420ee3","version":2,"asset_type":"data_asset","name":"customer_churn.csv","mime":"text/csv","datasource_type":"81bafdbd-b7c6-45c5-a4fd-6ec135f66f4e","object_key":"data_asset/customer_churn.csv","creator_id":"1000331113","create_time":1617033802068,"size":81974,"is_remote":false,"is_managed":false,"is_referenced":true,"is_object_key_read_only":true,"is_user_provided_path_key":true,"transfer_complete":true,"is_partitioned":false,"complete_time_ticks":1617033802068,"user_data":{},"test_doc":0,"handle":{"key":"data_asset/customer_churn.csv","upload_id":"done","max_part_num":1},"usage":{"access_count":0,"last_accessor_id":"1000331113","last_access_time":1617033802068}}]}