{"metadata":{"asset_id":"5e8e4e86-69ed-495b-949a-7f8344696a5f","asset_attributes":["data_asset"],"name":"Comments.xlsx","asset_type":"data_asset","created_at":"2021-03-29T16:03:17Z","description":"","origin_country":"us","owner_id":"1000331113","project_id":"9ea20753-d213-41cc-a155-b0ad045bf7cb","size":56352,"tags":[],"usage":{"last_update_time":1617033800806,"last_updated_at":"2021-03-29T16:03:20Z"}},"entity":{"data_asset":{"mime_type":"application/vnd.openxmlformats-officedocument.spreadsheetml.sheet","dataset":false}},"attachments":[{"id":"0f2f86a8-0f96-4f58-9f54-521c60f9d164","version":2,"asset_type":"data_asset","name":"Comments.xlsx","mime":"application/vnd.openxmlformats-officedocument.spreadsheetml.sheet","datasource_type":"81bafdbd-b7c6-45c5-a4fd-6ec135f66f4e","object_key":"data_asset/Comments.xlsx","creator_id":"1000331113","create_time":1617033800806,"size":56352,"is_remote":false,"is_managed":false,"is_referenced":true,"is_object_key_read_only":true,"is_user_provided_path_key":true,"transfer_complete":true,"is_partitioned":false,"complete_time_ticks":1617033800806,"user_data":{},"test_doc":0,"handle":{"key":"data_asset/Comments.xlsx","upload_id":"done","max_part_num":1},"usage":{"access_count":0,"last_accessor_id":"1000331113","last_access_time":1617033800806}}]}