{"metadata":{"asset_id":"dca9635d-5a7a-4b00-94ea-3e52dcae287d","asset_attributes":["data_asset"],"name":"churn.csv","asset_type":"data_asset","created_at":"2021-03-29T16:03:18Z","description":"","origin_country":"us","owner_id":"1000331113","project_id":"9ea20753-d213-41cc-a155-b0ad045bf7cb","size":8546,"tags":[],"usage":{"last_update_time":1617033800712,"last_updated_at":"2021-03-29T16:03:20Z"}},"entity":{"data_asset":{"mime_type":"text/csv","dataset":false}},"attachments":[{"id":"7dbe2ce8-3dc9-405b-b8cf-9b6273e76edb","version":2,"asset_type":"data_asset","name":"churn.csv","mime":"text/csv","datasource_type":"81bafdbd-b7c6-45c5-a4fd-6ec135f66f4e","object_key":"data_asset/churn.csv","creator_id":"1000331113","create_time":1617033800711,"size":8546,"is_remote":false,"is_managed":false,"is_referenced":true,"is_object_key_read_only":true,"is_user_provided_path_key":true,"transfer_complete":true,"is_partitioned":false,"complete_time_ticks":1617033800711,"user_data":{},"test_doc":0,"handle":{"key":"data_asset/churn.csv","upload_id":"done","max_part_num":1},"usage":{"access_count":0,"last_accessor_id":"1000331113","last_access_time":1617033800711}}]}