{"metadata":{"asset_id":"002739b0-70bb-49db-8da3-d5823910af24","asset_attributes":["data_asset"],"name":"Customer Churn Table","asset_type":"data_asset","created_at":"2021-03-30T16:13:48Z","description":"","origin_country":"none","owner_id":"1000331113","project_id":"9ea20753-d213-41cc-a155-b0ad045bf7cb","size":0,"tags":["connected-data"],"usage":{"last_update_time":1617120829390,"last_updated_at":"2021-03-30T16:13:49Z"}},"entity":{"data_asset":{"mime_type":"application/octet-stream","dataset":true,"columns":[{"name":"Gender","type":{"length":1,"nullable":true,"type":"varchar","scale":0,"signed":false}},{"name":"Status","type":{"length":1,"nullable":true,"type":"varchar","scale":0,"signed":false}},{"name":"Children","type":{"length":13,"nullable":true,"type":"decimal","scale":6,"signed":true}},{"name":"Est Income","type":{"length":18,"nullable":true,"type":"decimal","scale":6,"signed":true}},{"name":"Car Owner","type":{"length":1,"nullable":true,"type":"varchar","scale":0,"signed":false}},{"name":"Age","type":{"length":5,"nullable":true,"type":"smallint","scale":0,"signed":true}},{"name":"AvgMonthlySpend","type":{"length":15,"nullable":true,"type":"decimal","scale":6,"signed":true}},{"name":"CustomerSupportCalls","type":{"length":13,"nullable":true,"type":"decimal","scale":6,"signed":true}},{"name":"Paymethod","type":{"length":4,"nullable":true,"type":"varchar","scale":0,"signed":false}},{"name":"MembershipPlan","type":{"length":13,"nullable":true,"type":"decimal","scale":6,"signed":true}},{"name":"CHURN","type":{"length":1,"nullable":true,"type":"varchar","scale":0,"signed":false}}]}},"attachments":[{"id":"492cf714-01ec-4dfa-af27-5b784a1258d6","version":2,"asset_type":"data_asset","name":"CUSTOMER_CHURN","description":"remote","mime":"application/octet-stream","connection_id":"2a9d37e8-bc16-4b0b-8898-feea4b3a6fc1","connection_path":"/TLR48624/CUSTOMER_CHURN","datasource_type":"506039fb-802f-4ef2-a2bf-c1682e9c8aa2","creator_id":"1000331113","create_time":1617120829389,"size":0,"is_remote":true,"is_managed":false,"is_referenced":false,"is_object_key_read_only":false,"is_user_provided_path_key":true,"transfer_complete":true,"is_partitioned":false,"complete_time_ticks":1617120829389,"user_data":{},"test_doc":0,"usage":{"access_count":0,"last_accessor_id":"1000331113","last_access_time":1617120829389}}]}