{"metadata":{"asset_id":"90c52980-8cb3-4b34-93e9-6692a163e7fa","asset_attributes":["data_asset"],"name":"pos_reviews.txt","asset_type":"data_asset","created_at":"2021-03-29T16:03:24Z","description":"","origin_country":"us","owner_id":"1000331113","project_id":"9ea20753-d213-41cc-a155-b0ad045bf7cb","size":16888418,"tags":[],"usage":{"last_update_time":1617033805550,"last_updated_at":"2021-03-29T16:03:25Z"}},"entity":{"data_asset":{"mime_type":"text/plain","dataset":false}},"attachments":[{"id":"126d0849-f68b-4da0-a920-7cd5638511d3","version":2,"asset_type":"data_asset","name":"pos_reviews.txt","mime":"text/plain","datasource_type":"81bafdbd-b7c6-45c5-a4fd-6ec135f66f4e","object_key":"data_asset/pos_reviews.txt","creator_id":"1000331113","create_time":1617033805550,"size":16888418,"is_remote":false,"is_managed":false,"is_referenced":true,"is_object_key_read_only":true,"is_user_provided_path_key":true,"transfer_complete":true,"is_partitioned":false,"complete_time_ticks":1617033805550,"user_data":{},"test_doc":0,"handle":{"key":"data_asset/pos_reviews.txt","upload_id":"done","max_part_num":1},"usage":{"access_count":0,"last_accessor_id":"1000331113","last_access_time":1617033805550}}]}