{"metadata":{"asset_id":"f7a5c133-9b53-46bd-a421-450b56c120d3","asset_attributes":["data_asset"],"name":"CustomerDataforClassification.xlsx","asset_type":"data_asset","created_at":"2021-03-29T16:03:20Z","description":"","origin_country":"us","owner_id":"1000331113","project_id":"9ea20753-d213-41cc-a155-b0ad045bf7cb","size":153989,"tags":[],"usage":{"last_update_time":1617033802352,"last_updated_at":"2021-03-29T16:03:22Z"}},"entity":{"data_asset":{"mime_type":"application/vnd.openxmlformats-officedocument.spreadsheetml.sheet","dataset":false}},"attachments":[{"id":"fbcf11dc-88c4-4dac-b635-6bc67a0cf197","version":2,"asset_type":"data_asset","name":"CustomerDataforClassification.xlsx","mime":"application/vnd.openxmlformats-officedocument.spreadsheetml.sheet","datasource_type":"81bafdbd-b7c6-45c5-a4fd-6ec135f66f4e","object_key":"data_asset/CustomerDataforClassification.xlsx","creator_id":"1000331113","create_time":1617033802352,"size":153989,"is_remote":false,"is_managed":false,"is_referenced":true,"is_object_key_read_only":true,"is_user_provided_path_key":true,"transfer_complete":true,"is_partitioned":false,"complete_time_ticks":1617033802352,"user_data":{},"test_doc":0,"handle":{"key":"data_asset/CustomerDataforClassification.xlsx","upload_id":"done","max_part_num":1},"usage":{"access_count":0,"last_accessor_id":"1000331113","last_access_time":1617033802352}}]}