{"metadata":{"asset_id":"9970be53-0c3f-4798-82cd-76f667e06192","asset_attributes":["notebook"],"name":"Deployment_with_API","asset_type":"notebook","created_at":"2021-04-08T20:37:11Z","description":"","origin_country":"us","owner_id":"1000331113","project_id":"9ea20753-d213-41cc-a155-b0ad045bf7cb","size":21165,"tags":["notebook"],"usage":{"last_update_time":1617915710563,"last_updated_at":"2021-04-08T21:01:50Z"}},"entity":{"notebook":{"kernel":{"name":"python3","display_name":"Python 3.7","language":"python"},"originates_from":{"type":"file"},"runtime":{"environment":"jupconda37-9ea20753-d213-41cc-a155-b0ad045bf7cb"}}},"attachments":[{"id":"3747d55c-513f-4b64-a6f2-0133dab49291","version":2,"asset_type":"notebook","name":"attachment for notebook 9970be53-0c3f-4798-82cd-76f667e06192","description":"attachment for notebook 9970be53-0c3f-4798-82cd-76f667e06192","mime":"application/json","datasource_type":"81bafdbd-b7c6-45c5-a4fd-6ec135f66f4e","object_key":"notebook/Deployment_with_API_UhgmBLmrH.ipynb","creator_id":"1000331113","create_time":1617914231361,"size":21165,"is_remote":false,"is_managed":false,"is_referenced":true,"is_object_key_read_only":false,"is_user_provided_path_key":true,"transfer_complete":true,"is_partitioned":false,"complete_time_ticks":1617914231361,"user_data":{},"test_doc":0,"handle":{"key":"notebook/Deployment_with_API_UhgmBLmrH.ipynb","upload_id":"done","max_part_num":1},"usage":{"access_count":0,"last_accessor_id":"1000331113","last_access_time":1617914231361}}]}