{"metadata":{"asset_id":"2c560903-d52a-42fe-bcca-a89773b93e6b","asset_attributes":["notebook"],"name":"Database_Read_Write","asset_type":"notebook","created_at":"2021-03-30T15:53:27Z","description":"","origin_country":"us","owner_id":"1000331113","project_id":"9ea20753-d213-41cc-a155-b0ad045bf7cb","size":207,"tags":["notebook"],"usage":{"last_update_time":1617133343487,"last_updated_at":"2021-03-30T19:42:23Z"}},"entity":{"notebook":{"kernel":{"name":"python3","display_name":"Python 3.7","language":"python"},"originates_from":{"type":"blank"},"runtime":{"environment":"jupconda37-9ea20753-d213-41cc-a155-b0ad045bf7cb"}}},"attachments":[{"id":"9919b722-3adb-4c89-9a9e-d862b1210e4a","version":2,"asset_type":"notebook","name":"attachment for notebook 2c560903-d52a-42fe-bcca-a89773b93e6b","description":"attachment for notebook 2c560903-d52a-42fe-bcca-a89773b93e6b","mime":"application/json","datasource_type":"81bafdbd-b7c6-45c5-a4fd-6ec135f66f4e","object_key":"notebook/Database_Read_Write_As0YfX0jc.ipynb","creator_id":"1000331113","create_time":1617119608142,"size":207,"is_remote":false,"is_managed":false,"is_referenced":true,"is_object_key_read_only":false,"is_user_provided_path_key":true,"transfer_complete":true,"is_partitioned":false,"complete_time_ticks":1617119608142,"user_data":{},"test_doc":0,"handle":{"key":"notebook/Database_Read_Write_As0YfX0jc.ipynb","upload_id":"done","max_part_num":1},"usage":{"access_count":0,"last_accessor_id":"1000331113","last_access_time":1617119608142}}]}