{"metadata":{"asset_id":"e8bc136a-600c-4cdb-91bc-d3521767f3ba","asset_attributes":["notebook"],"name":"Read_Write_CSV_Data","asset_type":"notebook","created_at":"2021-03-30T18:05:05Z","description":"","origin_country":"us","owner_id":"1000331113","project_id":"9ea20753-d213-41cc-a155-b0ad045bf7cb","size":2883,"tags":["notebook"],"usage":{"last_update_time":1617127505290,"last_updated_at":"2021-03-30T18:05:05Z"}},"entity":{"notebook":{"kernel":"","originates_from":{"type":"file"},"runtime":{"environment":"jupconda37-9ea20753-d213-41cc-a155-b0ad045bf7cb"}}},"attachments":[{"id":"d7dc98a9-d836-447d-b980-b7568d045f15","version":2,"asset_type":"notebook","name":"attachment for notebook e8bc136a-600c-4cdb-91bc-d3521767f3ba","description":"attachment for notebook e8bc136a-600c-4cdb-91bc-d3521767f3ba","mime":"application/json","datasource_type":"81bafdbd-b7c6-45c5-a4fd-6ec135f66f4e","object_key":"notebook/Read_Write_CSV_Data_TRz3ECpGr.ipynb","creator_id":"1000331113","create_time":1617127505289,"size":2883,"is_remote":false,"is_managed":false,"is_referenced":true,"is_object_key_read_only":false,"is_user_provided_path_key":true,"transfer_complete":true,"is_partitioned":false,"complete_time_ticks":1617127505289,"user_data":{},"test_doc":0,"handle":{"key":"notebook/Read_Write_CSV_Data_TRz3ECpGr.ipynb","upload_id":"done","max_part_num":1},"usage":{"access_count":0,"last_accessor_id":"1000331113","last_access_time":1617127505289}}]}