{"metadata":{"asset_id":"4f1a346a-8076-4024-a6b1-a2f7044d356a","asset_attributes":["notebook"],"name":"Predict_Customer_Churn","asset_type":"notebook","created_at":"2021-04-07T15:57:22Z","description":"","origin_country":"us","owner_id":"1000331113","project_id":"9ea20753-d213-41cc-a155-b0ad045bf7cb","size":14040,"tags":["notebook"],"usage":{"last_update_time":1617915614887,"last_updated_at":"2021-04-08T21:00:14Z"}},"entity":{"notebook":{"kernel":{"name":"python3","display_name":"Python 3.7","language":"python"},"originates_from":{"type":"file"},"runtime":{"environment":"0380bf20-d7aa-4096-ae65-cdd72fd9595f"}}},"attachments":[{"id":"c7a64bab-1a10-442c-af9c-f3ead4a87b0a","version":2,"asset_type":"notebook","name":"attachment for notebook 4f1a346a-8076-4024-a6b1-a2f7044d356a","description":"attachment for notebook 4f1a346a-8076-4024-a6b1-a2f7044d356a","mime":"application/json","datasource_type":"81bafdbd-b7c6-45c5-a4fd-6ec135f66f4e","object_key":"notebook/Predict_Customer_Churn_dfrTjWu7d.ipynb","creator_id":"1000331113","create_time":1617811043016,"size":14040,"is_remote":false,"is_managed":false,"is_referenced":true,"is_object_key_read_only":false,"is_user_provided_path_key":true,"transfer_complete":true,"is_partitioned":false,"complete_time_ticks":1617811043016,"user_data":{},"test_doc":0,"handle":{"key":"notebook/Predict_Customer_Churn_dfrTjWu7d.ipynb","upload_id":"done","max_part_num":1},"usage":{"access_count":0,"last_accessor_id":"1000331113","last_access_time":1617811043016}}]}