{"metadata":{"asset_id":"f43c47eb-8577-495f-b951-bff07bcb3346","asset_attributes":["notebook"],"name":"Database Read and Write R","asset_type":"notebook","created_at":"2021-04-05T14:04:02Z","description":"","origin_country":"us","owner_id":"1000331113","project_id":"9ea20753-d213-41cc-a155-b0ad045bf7cb","size":57650,"tags":["notebook"],"usage":{"last_update_time":1618413585681,"last_updated_at":"2021-04-14T15:19:45Z"}},"entity":{"notebook":{"kernel":{"name":"r","display_name":"R 3.6","language":"R"},"originates_from":{"type":"file"},"runtime":{"environment":"jupconda36r-9ea20753-d213-41cc-a155-b0ad045bf7cb"}}},"attachments":[{"id":"b2647f44-ade4-4338-b06c-d8863c7f7d1d","version":2,"asset_type":"notebook","name":"attachment for notebook f43c47eb-8577-495f-b951-bff07bcb3346","description":"attachment for notebook f43c47eb-8577-495f-b951-bff07bcb3346","mime":"application/json","datasource_type":"81bafdbd-b7c6-45c5-a4fd-6ec135f66f4e","object_key":"notebook/Database_Read_and_Write_R__5-2ZKaGL.ipynb","creator_id":"1000331113","create_time":1617631442834,"size":57650,"is_remote":false,"is_managed":false,"is_referenced":true,"is_object_key_read_only":false,"is_user_provided_path_key":true,"transfer_complete":true,"is_partitioned":false,"complete_time_ticks":1617631442834,"user_data":{},"test_doc":0,"handle":{"key":"notebook/Database_Read_and_Write_R__5-2ZKaGL.ipynb","upload_id":"done","max_part_num":1},"usage":{"access_count":0,"last_accessor_id":"1000331113","last_access_time":1617631442834}}]}