{"metadata":{"asset_id":"724dd0dd-b07d-4ae4-9b31-9700348aa5ba","asset_attributes":["data_asset"],"name":"churn.csv","asset_type":"data_asset","created_at":"2020-12-23T23:00:08Z","description":"","origin_country":"us","owner_id":"IBMid-1100005S9W","project_id":"47c48019-f43a-432e-99f7-d9f5f928e1c1","size":8546,"tags":[],"usage":{"last_update_time":1608764409457,"last_updated_at":"2020-12-23T23:00:09Z"}},"entity":{"data_asset":{"mime_type":"text/csv","dataset":false}},"attachments":[{"id":"fe662648-d1ca-4f82-b716-0d98fa629522","version":2,"asset_type":"data_asset","name":"churn.csv","mime":"text/csv","datasource_type":"193a97c1-4475-4a19-b90c-295c4fdc6517","object_key":"churn.csv","creator_id":"iam-ServiceId-f49c5558-c247-4983-a04f-7d3c7a3d55da","create_time":1608764409348,"size":8546,"is_remote":false,"is_managed":false,"is_referenced":true,"is_object_key_read_only":false,"is_user_provided_path_key":true,"transfer_complete":true,"is_partitioned":false,"complete_time_ticks":1608764409348,"user_data":{},"test_doc":0,"handle":{"bucket":"modelopsdeployment-donotdelete-pr-7vatmr3aa6gwfy","location":"us-geo","key":"churn.csv","upload_id":"done","max_part_num":1},"usage":{"access_count":0,"last_accessor_id":"iam-ServiceId-f49c5558-c247-4983-a04f-7d3c7a3d55da","last_access_time":1608764409348}}]}
