{"metadata":{"asset_id":"c2d7edf6-a910-4811-a90d-8bd95ba10bd4","asset_attributes":["notebook"],"name":"Predict_Customer_Churn_SparkML","asset_type":"notebook","created_at":"2020-12-23T23:00:10Z","description":"","origin_country":"us","owner_id":"iam-ServiceId-9e68bc5f-c5f6-4f6f-8bcf-e57f47b9d1b1","project_id":"47c48019-f43a-432e-99f7-d9f5f928e1c1","size":12784,"tags":["notebook"],"usage":{"last_update_time":1639419349211,"last_updated_at":"2021-12-13T18:15:49Z"}},"entity":{"notebook":{"kernel":{"name":"python38","display_name":"Python 3.8 with Spark","language":"python3"},"originates_from":{"type":"file"},"runtime":{"environment":"spark30py38-47c48019-f43a-432e-99f7-d9f5f928e1c1"}}},"attachments":[{"id":"ffdc1d4c-4e19-438f-820e-006ee1c26e89","version":2,"asset_type":"notebook","name":"attachment for notebook c2d7edf6-a910-4811-a90d-8bd95ba10bd4","description":"attachment for notebook c2d7edf6-a910-4811-a90d-8bd95ba10bd4","mime":"application/json","datasource_type":"193a97c1-4475-4a19-b90c-295c4fdc6517","object_key":"notebook/Predict_Customer_Churn_SparkML_gskRECLjC.ipynb","creator_id":"IBMid-1100005S9W","create_time":1608764411978,"size":12784,"is_remote":false,"is_managed":false,"is_referenced":true,"is_object_key_read_only":false,"is_user_provided_path_key":true,"transfer_complete":true,"is_partitioned":false,"complete_time_ticks":1608764411978,"user_data":{},"test_doc":0,"handle":{"bucket":"modelopsdeployment-donotdelete-pr-7vatmr3aa6gwfy","location":"us-geo","key":"notebook/Predict_Customer_Churn_SparkML_gskRECLjC.ipynb","upload_id":"done","max_part_num":1},"usage":{"access_count":10,"last_accessor_id":"IBMid-1100005S9W","last_access_time":1639419343858,"last_updater_id":"IBMid-1100005S9W","last_update_time":1639419343858}}]}
