{"metadata":{"asset_id":"70199bd6-6dca-47bd-9a3c-ee298bf4cc43","asset_attributes":["notebook"],"name":"Deployment_with_API","asset_type":"notebook","created_at":"2021-01-11T16:34:09Z","description":"","origin_country":"us","owner_id":"IBMid-1100005S9W","project_id":"47c48019-f43a-432e-99f7-d9f5f928e1c1","size":22531,"tags":["notebook"],"usage":{"last_update_time":1639418111108,"last_updated_at":"2021-12-13T17:55:11Z"}},"entity":{"notebook":{"kernel":{"name":"python3","display_name":"Python 3.8","language":"python"},"originates_from":{"type":"file"},"runtime":{"environment":"conda2py38-47c48019-f43a-432e-99f7-d9f5f928e1c1"}}},"attachments":[{"id":"4fdc9a85-df87-4899-9f7e-e5d7afd18177","version":2,"asset_type":"notebook","name":"attachment for notebook 70199bd6-6dca-47bd-9a3c-ee298bf4cc43","description":"attachment for notebook 70199bd6-6dca-47bd-9a3c-ee298bf4cc43","mime":"application/json","datasource_type":"193a97c1-4475-4a19-b90c-295c4fdc6517","object_key":"notebook/Deployment_with_API_kKSVTLIq8.ipynb","creator_id":"IBMid-1100005S9W","create_time":1610382851780,"size":22531,"is_remote":false,"is_managed":false,"is_referenced":true,"is_object_key_read_only":false,"is_user_provided_path_key":true,"transfer_complete":true,"is_partitioned":false,"complete_time_ticks":1610382851780,"user_data":{},"test_doc":0,"handle":{"bucket":"modelopsdeployment-donotdelete-pr-7vatmr3aa6gwfy","location":"us-geo","key":"notebook/Deployment_with_API_kKSVTLIq8.ipynb","upload_id":"done","max_part_num":1},"usage":{"access_count":5,"last_accessor_id":"IBMid-1100005S9W","last_access_time":1639418104971,"last_updater_id":"IBMid-1100005S9W","last_update_time":1639418104971}}]}
