{"metadata":{"asset_id":"1420a778-5f41-4ed9-87f2-15eb7f70e8fe","asset_attributes":["notebook"],"name":"Predict_Customer_Churn","asset_type":"notebook","created_at":"2020-12-23T23:00:10Z","description":"","origin_country":"us","owner_id":"iam-ServiceId-9e68bc5f-c5f6-4f6f-8bcf-e57f47b9d1b1","project_id":"47c48019-f43a-432e-99f7-d9f5f928e1c1","size":12853,"tags":["notebook"],"usage":{"last_update_time":1639416662953,"last_updated_at":"2021-12-13T17:31:02Z"}},"entity":{"notebook":{"kernel":{"name":"python3","display_name":"Python 3.8","language":"python"},"originates_from":{"type":"file"},"runtime":{"environment":"conda2py38-47c48019-f43a-432e-99f7-d9f5f928e1c1"}}},"attachments":[{"id":"84932f01-2e46-4855-a850-d71545b92d36","version":2,"asset_type":"notebook","name":"attachment for notebook 1420a778-5f41-4ed9-87f2-15eb7f70e8fe","description":"attachment for notebook 1420a778-5f41-4ed9-87f2-15eb7f70e8fe","mime":"application/json","datasource_type":"193a97c1-4475-4a19-b90c-295c4fdc6517","object_key":"notebook/Predict_Customer_Churn_shogq3f0q.ipynb","creator_id":"IBMid-1100005S9W","create_time":1608764411792,"size":12853,"is_remote":false,"is_managed":false,"is_referenced":true,"is_object_key_read_only":false,"is_user_provided_path_key":true,"transfer_complete":true,"is_partitioned":false,"complete_time_ticks":1608764411792,"user_data":{},"test_doc":0,"handle":{"bucket":"modelopsdeployment-donotdelete-pr-7vatmr3aa6gwfy","location":"us-geo","key":"notebook/Predict_Customer_Churn_shogq3f0q.ipynb","upload_id":"done","max_part_num":1},"usage":{"access_count":11,"last_accessor_id":"IBMid-1100005S9W","last_access_time":1639416658363,"last_updater_id":"IBMid-1100005S9W","last_update_time":1639416658363}}]}
