{"metadata":{"asset_id":"5cb2b0d2-b678-4d0c-bd4a-d55bef3caa87","asset_attributes":["notebook"],"name":"Introduction to WML Client","asset_type":"notebook","created_at":"2020-12-23T23:00:10Z","description":"","origin_country":"us","owner_id":"iam-ServiceId-9e68bc5f-c5f6-4f6f-8bcf-e57f47b9d1b1","project_id":"47c48019-f43a-432e-99f7-d9f5f928e1c1","size":1367,"tags":["notebook"],"usage":{"last_update_time":1639413940352,"last_updated_at":"2021-12-13T16:45:40Z"}},"entity":{"notebook":{"kernel":{"name":"python3","display_name":"Python 3.8","language":"python"},"originates_from":{"type":"file"},"runtime":{"environment":"conda1py38-47c48019-f43a-432e-99f7-d9f5f928e1c1"}}},"attachments":[{"id":"6c5364c3-a978-49c2-93a8-a1e4cd59dd6e","version":2,"asset_type":"notebook","name":"attachment for notebook 5cb2b0d2-b678-4d0c-bd4a-d55bef3caa87","description":"attachment for notebook 5cb2b0d2-b678-4d0c-bd4a-d55bef3caa87","mime":"application/json","datasource_type":"193a97c1-4475-4a19-b90c-295c4fdc6517","object_key":"notebook/Introduction_to_WML_Client_0ln6ObZiv.ipynb","creator_id":"IBMid-1100005S9W","create_time":1608764411645,"size":1367,"is_remote":false,"is_managed":false,"is_referenced":true,"is_object_key_read_only":false,"is_user_provided_path_key":true,"transfer_complete":true,"is_partitioned":false,"complete_time_ticks":1608764411645,"user_data":{},"test_doc":0,"handle":{"bucket":"modelopsdeployment-donotdelete-pr-7vatmr3aa6gwfy","location":"us-geo","key":"notebook/Introduction_to_WML_Client_0ln6ObZiv.ipynb","upload_id":"done","max_part_num":1},"usage":{"access_count":9,"last_accessor_id":"IBMid-1100005S9W","last_access_time":1639413933470,"last_updater_id":"IBMid-1100005S9W","last_update_time":1639413933470}}]}
