{"metadata":{"asset_id":"69cef5af-315b-45b6-bad0-d3686da65b04","asset_attributes":["notebook"],"name":"Customer_Data_Analysis","asset_type":"notebook","created_at":"2020-12-27T19:31:26Z","description":"","origin_country":"us","owner_id":"IBMid-1100005S9W","project_id":"47c48019-f43a-432e-99f7-d9f5f928e1c1","size":2919,"tags":["notebook"],"usage":{"last_update_time":1639420272673,"last_updated_at":"2021-12-13T18:31:12Z"}},"entity":{"notebook":{"kernel":{"name":"python3","display_name":"Python 3.8","language":"python"},"originates_from":{"type":"file"},"runtime":{"environment":"conda1py38-47c48019-f43a-432e-99f7-d9f5f928e1c1"}}},"attachments":[{"id":"7f936af2-025b-4e80-80e6-abd20486173e","version":2,"asset_type":"notebook","name":"attachment for notebook 69cef5af-315b-45b6-bad0-d3686da65b04","description":"attachment for notebook 69cef5af-315b-45b6-bad0-d3686da65b04","mime":"application/json","datasource_type":"193a97c1-4475-4a19-b90c-295c4fdc6517","object_key":"notebook/Customer_Data_Analysis_VK36Bj4T2.ipynb","creator_id":"IBMid-1100005S9W","create_time":1609097487978,"size":2919,"is_remote":false,"is_managed":false,"is_referenced":true,"is_object_key_read_only":false,"is_user_provided_path_key":true,"transfer_complete":true,"is_partitioned":false,"complete_time_ticks":1609097487978,"user_data":{},"test_doc":0,"handle":{"bucket":"modelopsdeployment-donotdelete-pr-7vatmr3aa6gwfy","location":"us-geo","key":"notebook/Customer_Data_Analysis_VK36Bj4T2.ipynb","upload_id":"done","max_part_num":1},"usage":{"access_count":5,"last_accessor_id":"IBMid-1100005S9W","last_access_time":1639420197862,"last_updater_id":"IBMid-1100005S9W","last_update_time":1639420197862}}]}
