{"description":"Environment specification, which envelops software and hardware specifications.","fields":[{"key":"software_specification_guid","type":"string","facet":false,"is_array":false,"search_path":"asset.software_specification.guid","is_searchable_across_types":true},{"key":"hardware_specification_guid","type":"string","facet":false,"is_array":false,"search_path":"asset.hardware_specification.guid","is_searchable_across_types":true}],"external_asset_preview":{},"relationships":[],"name":"environment","version":1,"scope":"GLOBAL"}