{"description":"Hardware specifications to be used with environments","fields":[{"key":"cpu_units","type":"string","facet":false,"is_array":false,"search_path":"asset.nodes.cpu.units","is_searchable_across_types":true},{"key":"mem_size","type":"string","facet":false,"is_array":false,"search_path":"asset.nodes.mem.size","is_searchable_across_types":true},{"key":"gpu_name","type":"string","facet":false,"is_array":false,"search_path":"asset.nodes.gpu.name","is_searchable_across_types":true},{"key":"num_gpu","type":"string","facet":false,"is_array":false,"search_path":"asset.nodes.gpu.num_gpu","is_searchable_across_types":true},{"key":"spark_num_drivers","type":"string","facet":false,"is_array":false,"search_path":"asset.spark.num_drivers","is_searchable_across_types":true},{"key":"spark_num_executors","type":"string","facet":false,"is_array":false,"search_path":"asset.spark.num_executors","is_searchable_across_types":true}],"external_asset_preview":{},"relationships":[],"name":"hardware_specification","version":1,"scope":"GLOBAL"}