{"metadata":{"asset_id":"eff603f2-7b51-49ab-8e6d-2c9000259867","asset_attributes":["data_asset"],"name":"churn.csv","asset_type":"data_asset","created_at":"2020-12-22T18:38:00Z","description":"","origin_country":"us","owner_id":"IBMid-1100005S9W","project_id":"0ca83bb2-7eab-4180-87f2-3b9164d79980","size":8546,"tags":[],"usage":{"last_update_time":1608662281798,"last_updated_at":"2020-12-22T18:38:01Z"}},"entity":{"data_asset":{"mime_type":"text/csv","dataset":false}},"attachments":[{"id":"f32a80e5-18b7-49f2-85ef-1a77811e9c54","version":2,"asset_type":"data_asset","name":"churn.csv","mime":"text/csv","datasource_type":"193a97c1-4475-4a19-b90c-295c4fdc6517","object_key":"churn.csv","creator_id":"IBMid-1100005S9W","create_time":1608662281798,"size":8546,"is_remote":false,"is_managed":false,"is_referenced":true,"is_object_key_read_only":true,"is_user_provided_path_key":true,"transfer_complete":true,"is_partitioned":false,"complete_time_ticks":1608662281798,"user_data":{},"test_doc":0,"handle":{"bucket":"modelops-donotdelete-pr-uhfdhxjoevgilg","location":"us-geo","key":"churn.csv","upload_id":"done","max_part_num":1},"usage":{"access_count":0,"last_accessor_id":"IBMid-1100005S9W","last_access_time":1608662281798}}]}
