{"metadata":{"asset_id":"883b2895-d67f-4abe-9301-89469dc21636","asset_attributes":["data_asset"],"name":"new_customers.csv","asset_type":"data_asset","created_at":"2020-12-22T18:38:00Z","description":"","origin_country":"us","owner_id":"IBMid-1100005S9W","project_id":"0ca83bb2-7eab-4180-87f2-3b9164d79980","size":10804,"tags":[],"usage":{"last_update_time":1608662281877,"last_updated_at":"2020-12-22T18:38:01Z"}},"entity":{"data_asset":{"mime_type":"text/csv","dataset":false}},"attachments":[{"id":"64988fcb-6cc7-4751-903a-0decb3cb5203","version":2,"asset_type":"data_asset","name":"new_customers.csv","mime":"text/csv","datasource_type":"193a97c1-4475-4a19-b90c-295c4fdc6517","object_key":"new_customers.csv","creator_id":"IBMid-1100005S9W","create_time":1608662281877,"size":10804,"is_remote":false,"is_managed":false,"is_referenced":true,"is_object_key_read_only":true,"is_user_provided_path_key":true,"transfer_complete":true,"is_partitioned":false,"complete_time_ticks":1608662281877,"user_data":{},"test_doc":0,"handle":{"bucket":"modelops-donotdelete-pr-uhfdhxjoevgilg","location":"us-geo","key":"new_customers.csv","upload_id":"done","max_part_num":1},"usage":{"access_count":0,"last_accessor_id":"IBMid-1100005S9W","last_access_time":1608662281877}}]}
