{"metadata":{"asset_id":"1e59a50a-b962-40de-9e4f-8fea70409170","asset_attributes":["data_asset"],"name":"new_customers.csv","asset_type":"data_asset","created_at":"2020-12-23T23:00:08Z","description":"","origin_country":"us","owner_id":"IBMid-1100005S9W","project_id":"47c48019-f43a-432e-99f7-d9f5f928e1c1","size":10804,"tags":[],"usage":{"last_update_time":1608764410192,"last_updated_at":"2020-12-23T23:00:10Z"}},"entity":{"data_asset":{"mime_type":"text/csv","dataset":false}},"attachments":[{"id":"31456064-85b9-47ac-99ea-240e8d5351d8","version":2,"asset_type":"data_asset","name":"new_customers.csv","mime":"text/csv","datasource_type":"193a97c1-4475-4a19-b90c-295c4fdc6517","object_key":"new_customers.csv","creator_id":"iam-ServiceId-f49c5558-c247-4983-a04f-7d3c7a3d55da","create_time":1608764410082,"size":10804,"is_remote":false,"is_managed":false,"is_referenced":true,"is_object_key_read_only":false,"is_user_provided_path_key":true,"transfer_complete":true,"is_partitioned":false,"complete_time_ticks":1608764410082,"user_data":{},"test_doc":0,"handle":{"bucket":"modelopsdeployment-donotdelete-pr-7vatmr3aa6gwfy","location":"us-geo","key":"new_customers.csv","upload_id":"done","max_part_num":1},"usage":{"access_count":0,"last_accessor_id":"iam-ServiceId-f49c5558-c247-4983-a04f-7d3c7a3d55da","last_access_time":1608764410082}}]}
