{"metadata":{"asset_id":"a21ecffe-0290-4a20-bb82-bbc1b33391f0","asset_attributes":["data_asset"],"name":"customer-profile.csv","asset_type":"data_asset","created_at":"2020-12-22T18:38:01Z","description":"","origin_country":"us","owner_id":"IBMid-1100005S9W","project_id":"0ca83bb2-7eab-4180-87f2-3b9164d79980","size":77821,"tags":[],"usage":{"last_update_time":1608662282442,"last_updated_at":"2020-12-22T18:38:02Z"}},"entity":{"data_asset":{"mime_type":"text/csv","dataset":false}},"attachments":[{"id":"06a2f0d8-70e3-4f6f-a6c3-2c12c94c3bc0","version":2,"asset_type":"data_asset","name":"customer-profile.csv","mime":"text/csv","datasource_type":"193a97c1-4475-4a19-b90c-295c4fdc6517","object_key":"customer-profile.csv","creator_id":"IBMid-1100005S9W","create_time":1608662282441,"size":77821,"is_remote":false,"is_managed":false,"is_referenced":true,"is_object_key_read_only":true,"is_user_provided_path_key":true,"transfer_complete":true,"is_partitioned":false,"complete_time_ticks":1608662282441,"user_data":{},"test_doc":0,"handle":{"bucket":"modelops-donotdelete-pr-uhfdhxjoevgilg","location":"us-geo","key":"customer-profile.csv","upload_id":"done","max_part_num":1},"usage":{"access_count":0,"last_accessor_id":"IBMid-1100005S9W","last_access_time":1608662282441}}]}
