{"metadata":{"asset_id":"0acec7a3-c427-47e6-a3a2-a1de2f303f5b","asset_attributes":["notebook"],"name":"Deployment_with_API","asset_type":"notebook","created_at":"2020-12-23T23:00:11Z","description":"","origin_country":"us","owner_id":"iam-ServiceId-9e68bc5f-c5f6-4f6f-8bcf-e57f47b9d1b1","project_id":"47c48019-f43a-432e-99f7-d9f5f928e1c1","size":16421,"tags":["notebook"],"usage":{"last_update_time":1609888752209,"last_updated_at":"2021-01-05T23:19:12Z"}},"entity":{"notebook":{"kernel":{"name":"python3","display_name":"Python 3.7","language":"python"},"originates_from":{"type":"file"},"runtime":{"environment":"conda2py37-47c48019-f43a-432e-99f7-d9f5f928e1c1"}}},"attachments":[{"id":"a79fc6f2-f989-4fcd-bc70-1fdff0eedfab","version":2,"asset_type":"notebook","name":"attachment for notebook 0acec7a3-c427-47e6-a3a2-a1de2f303f5b","description":"attachment for notebook 0acec7a3-c427-47e6-a3a2-a1de2f303f5b","mime":"application/json","datasource_type":"193a97c1-4475-4a19-b90c-295c4fdc6517","object_key":"notebook/Deployment_with_API_BFjw4kIoV.ipynb","creator_id":"IBMid-1100005S9W","create_time":1608764411966,"size":16421,"is_remote":false,"is_managed":false,"is_referenced":true,"is_object_key_read_only":false,"is_user_provided_path_key":true,"transfer_complete":true,"is_partitioned":false,"complete_time_ticks":1608764411966,"user_data":{},"test_doc":0,"handle":{"bucket":"modelopsdeployment-donotdelete-pr-7vatmr3aa6gwfy","location":"us-geo","key":"notebook/Deployment_with_API_BFjw4kIoV.ipynb","upload_id":"done","max_part_num":1},"usage":{"access_count":0,"last_accessor_id":"IBMid-1100005S9W","last_access_time":1608764411966}}]}
