{"metadata":{"asset_id":"955e85cc-7340-4d7e-9fe4-b63060bd8d00","asset_attributes":["notebook"],"name":"Predict_Customer_Churn_SparkML","asset_type":"notebook","created_at":"2020-12-22T21:50:45Z","description":"","origin_country":"us","owner_id":"IBMid-1100005S9W","project_id":"0ca83bb2-7eab-4180-87f2-3b9164d79980","size":91598,"tags":["notebook"],"usage":{"last_update_time":1608761263822,"last_updated_at":"2020-12-23T22:07:43Z"}},"entity":{"notebook":{"kernel":{"name":"python37","display_name":"Python 3.7 with Spark","language":"python3"},"originates_from":{"type":"file"},"runtime":{"environment":"spark24py37-0ca83bb2-7eab-4180-87f2-3b9164d79980"}}},"attachments":[{"id":"955dde9e-05ef-4037-940e-6d14aa6a98a3","version":2,"asset_type":"notebook","name":"attachment for notebook 955e85cc-7340-4d7e-9fe4-b63060bd8d00","description":"attachment for notebook 955e85cc-7340-4d7e-9fe4-b63060bd8d00","mime":"application/json","datasource_type":"193a97c1-4475-4a19-b90c-295c4fdc6517","object_key":"notebook/Predict_Customer_Churn_SparkML_gskRECLjC.ipynb","creator_id":"IBMid-1100005S9W","create_time":1608673847024,"size":91598,"is_remote":false,"is_managed":false,"is_referenced":true,"is_object_key_read_only":false,"is_user_provided_path_key":true,"transfer_complete":true,"is_partitioned":false,"complete_time_ticks":1608673847024,"user_data":{},"test_doc":0,"handle":{"bucket":"modelops-donotdelete-pr-uhfdhxjoevgilg","location":"us-geo","key":"notebook/Predict_Customer_Churn_SparkML_gskRECLjC.ipynb","upload_id":"done","max_part_num":1},"usage":{"access_count":0,"last_accessor_id":"IBMid-1100005S9W","last_access_time":1608673847024}}]}
