{"metadata":{"asset_id":"d054b20a-22ef-4a98-9434-481ce2c07181","asset_attributes":["notebook"],"name":"Deployment_with_API","asset_type":"notebook","created_at":"2020-12-23T20:37:24Z","description":"","origin_country":"us","owner_id":"IBMid-1100005S9W","project_id":"0ca83bb2-7eab-4180-87f2-3b9164d79980","size":109938,"tags":["notebook"],"usage":{"last_update_time":1608758573331,"last_updated_at":"2020-12-23T21:22:53Z"}},"entity":{"notebook":{"kernel":{"name":"python3","display_name":"Python 3.7","language":"python"},"originates_from":{"type":"file"},"runtime":{"environment":"conda2py37-0ca83bb2-7eab-4180-87f2-3b9164d79980"}}},"attachments":[{"id":"e70759d2-7fd0-402c-954b-5f7bd3db3e29","version":2,"asset_type":"notebook","name":"attachment for notebook d054b20a-22ef-4a98-9434-481ce2c07181","description":"attachment for notebook d054b20a-22ef-4a98-9434-481ce2c07181","mime":"application/json","datasource_type":"193a97c1-4475-4a19-b90c-295c4fdc6517","object_key":"notebook/Deployment_with_API_BFjw4kIoV.ipynb","creator_id":"IBMid-1100005S9W","create_time":1608755846174,"size":109938,"is_remote":false,"is_managed":false,"is_referenced":true,"is_object_key_read_only":false,"is_user_provided_path_key":true,"transfer_complete":true,"is_partitioned":false,"complete_time_ticks":1608755846174,"user_data":{},"test_doc":0,"handle":{"bucket":"modelops-donotdelete-pr-uhfdhxjoevgilg","location":"us-geo","key":"notebook/Deployment_with_API_BFjw4kIoV.ipynb","upload_id":"done","max_part_num":1},"usage":{"access_count":0,"last_accessor_id":"IBMid-1100005S9W","last_access_time":1608755846174}}]}
