{"metadata":{"asset_id":"bc8d5133-bd31-4549-b60a-c16bce9fee00","asset_attributes":["notebook"],"name":"Introduction to WML Client","asset_type":"notebook","created_at":"2020-12-23T17:00:37Z","description":"","origin_country":"us","owner_id":"IBMid-1100005S9W","project_id":"0ca83bb2-7eab-4180-87f2-3b9164d79980","size":207,"tags":["notebook"],"usage":{"last_update_time":1608750110102,"last_updated_at":"2020-12-23T19:01:50Z"}},"entity":{"notebook":{"kernel":{"name":"python3","display_name":"Python 3.7","language":"python"},"originates_from":{"type":"blank"},"runtime":{"environment":"conda2py37-0ca83bb2-7eab-4180-87f2-3b9164d79980"}}},"attachments":[{"id":"5b6fbc29-55bd-4906-83f1-d8d36003fa14","version":2,"asset_type":"notebook","name":"attachment for notebook bc8d5133-bd31-4549-b60a-c16bce9fee00","description":"attachment for notebook bc8d5133-bd31-4549-b60a-c16bce9fee00","mime":"application/json","datasource_type":"193a97c1-4475-4a19-b90c-295c4fdc6517","object_key":"notebook/Introduction_to_WML_Client_0ln6ObZiv.ipynb","creator_id":"IBMid-1100005S9W","create_time":1608742838386,"size":207,"is_remote":false,"is_managed":false,"is_referenced":true,"is_object_key_read_only":false,"is_user_provided_path_key":true,"transfer_complete":true,"is_partitioned":false,"complete_time_ticks":1608742838386,"user_data":{},"test_doc":0,"handle":{"bucket":"modelops-donotdelete-pr-uhfdhxjoevgilg","location":"us-geo","key":"notebook/Introduction_to_WML_Client_0ln6ObZiv.ipynb","upload_id":"done","max_part_num":1},"usage":{"access_count":0,"last_accessor_id":"IBMid-1100005S9W","last_access_time":1608742838386}}]}
