{"metadata":{"asset_id":"aac93cb2-2e8e-4e8a-bc46-4e689ba96669","asset_attributes":["notebook"],"name":"Predict_Customer_Churn","asset_type":"notebook","created_at":"2020-12-22T18:35:56Z","description":"","origin_country":"us","owner_id":"IBMid-1100005S9W","project_id":"0ca83bb2-7eab-4180-87f2-3b9164d79980","size":11378,"tags":["notebook"],"usage":{"last_update_time":1608756330808,"last_updated_at":"2020-12-23T20:45:30Z"}},"entity":{"notebook":{"kernel":{"name":"python3","display_name":"Python 3.7","language":"python"},"originates_from":{"type":"file"},"runtime":{"environment":"conda2py37-0ca83bb2-7eab-4180-87f2-3b9164d79980"}}},"attachments":[{"id":"42dd05d4-d748-454d-84ab-b674b1632133","version":2,"asset_type":"notebook","name":"attachment for notebook aac93cb2-2e8e-4e8a-bc46-4e689ba96669","description":"attachment for notebook aac93cb2-2e8e-4e8a-bc46-4e689ba96669","mime":"application/json","datasource_type":"193a97c1-4475-4a19-b90c-295c4fdc6517","object_key":"notebook/Predict_Customer_Churn_shogq3f0q.ipynb","creator_id":"IBMid-1100005S9W","create_time":1608662157458,"size":11378,"is_remote":false,"is_managed":false,"is_referenced":true,"is_object_key_read_only":false,"is_user_provided_path_key":true,"transfer_complete":true,"is_partitioned":false,"complete_time_ticks":1608662157458,"user_data":{},"test_doc":0,"handle":{"bucket":"modelops-donotdelete-pr-uhfdhxjoevgilg","location":"us-geo","key":"notebook/Predict_Customer_Churn_shogq3f0q.ipynb","upload_id":"done","max_part_num":1},"usage":{"access_count":0,"last_accessor_id":"IBMid-1100005S9W","last_access_time":1608662157458}}]}
