{"metadata":{"asset_id":"741b1971-a637-4d3a-a41f-4c7e305fa852","asset_attributes":["data_asset","data_profile"],"name":"new_customers.csv","asset_type":"data_asset","created_at":"2022-04-23T20:19:16Z","description":"","origin_country":"us","owner_id":"1000331005","project_id":"afdf5916-a592-4b7a-bc67-91e4cfa2d469","size":86852,"tags":[],"usage":{"last_update_time":1650745157227,"last_updated_at":"2022-04-23T20:19:17Z"}},"entity":{"data_asset":{"mime_type":"text/csv","dataset":true,"columns":[{"name":"Gender","type":{"length":1024,"nullable":true,"type":"varchar","scale":0,"signed":false}},{"name":"Status","type":{"length":1024,"nullable":true,"type":"varchar","scale":0,"signed":false}},{"name":"Children","type":{"length":1024,"nullable":true,"type":"varchar","scale":0,"signed":false}},{"name":"EstIncome","type":{"length":1024,"nullable":true,"type":"varchar","scale":0,"signed":false}},{"name":"CarOwner","type":{"length":1024,"nullable":true,"type":"varchar","scale":0,"signed":false}},{"name":"Age","type":{"length":1024,"nullable":true,"type":"varchar","scale":0,"signed":false}},{"name":"AvgMonthlySpend","type":{"length":1024,"nullable":true,"type":"varchar","scale":0,"signed":false}},{"name":"CustomerSupportCalls","type":{"length":1024,"nullable":true,"type":"varchar","scale":0,"signed":false}},{"name":"Paymethod","type":{"length":1024,"nullable":true,"type":"varchar","scale":0,"signed":false}},{"name":"MembershipPlan","type":{"length":1024,"nullable":true,"type":"varchar","scale":0,"signed":false}}]},"data_profile":{"f86bfac2-c452-4f1b-bcbb-87eadf4526c8":{"metadata":{"guid":"f86bfac2-c452-4f1b-bcbb-87eadf4526c8","asset_id":"f86bfac2-c452-4f1b-bcbb-87eadf4526c8","dataset_id":"51d52d23-ece2-4f0e-b879-6c82baf385a3","dataset_ids":[],"url":"https://internal-nginx-svc:12443/v2/data_profiles/f86bfac2-c452-4f1b-bcbb-87eadf4526c8?project_id=6552ff1e-c757-4687-98fc-3f68fb949526&dataset_id=51d52d23-ece2-4f0e-b879-6c82baf385a3","project_id":"6552ff1e-c757-4687-98fc-3f68fb949526","created_at":"2021-09-09T15:14:17.827Z","accessed_at":"2021-09-09T15:14:17.827Z","owner":"admin","owner_id":"1000330999","last_updater_id":"1000330999"},"entity":{"data_profile":{"options":{"disable_profiling":false,"max_row_count":5000,"max_distribution_size":100,"max_numeric_stats_bins":100,"max_columns_per_task":250,"max_rows_per_batch":10000,"enable_fast_classification":false,"enable_dqa":true,"classification_options":{"disabled":false,"use_all_ibm_classes":true,"use_all_custom_classes":true,"ibm_class_codes":[],"custom_class_codes":[]}},"execution":{"status":"finished","is_supported":true,"dataflow_id":"a4533e29-49c9-4ee6-8450-506e21f361eb","dataflow_run_id":"95d972cf-434e-4ba5-9ff8-dac8cf5e5ee2"},"columns":[],"logs":[],"attachment_id":"9d33b5f0-70f7-4517-8c3e-a1fc7e7073a9"}},"href":"https://internal-nginx-svc:12443/v2/data_profiles/f86bfac2-c452-4f1b-bcbb-87eadf4526c8?project_id=6552ff1e-c757-4687-98fc-3f68fb949526&dataset_id=51d52d23-ece2-4f0e-b879-6c82baf385a3"},"attribute_classes":["Country Code","City","Gender"]}},"attachments":[{"id":"8fd18364-ac8d-48b8-8bf4-bb13b7e637de","version":2,"asset_type":"data_asset","name":"new_customers.csv","mime":"text/csv","datasource_type":"81bafdbd-b7c6-45c5-a4fd-6ec135f66f4e","object_key":"data_asset/new_customers.csv","creator_id":"icp4d-dev","create_time":1650745156772,"size":10804,"is_remote":false,"is_managed":false,"is_referenced":true,"is_object_key_read_only":false,"is_user_provided_path_key":true,"transfer_complete":true,"is_partitioned":false,"complete_time_ticks":1650745156772,"user_data":{},"test_doc":0,"handle":{"key":"data_asset/new_customers.csv","upload_id":"done","max_part_num":1},"usage":{"access_count":0,"last_accessor_id":"icp4d-dev","last_access_time":1650745156772}},{"id":"876ec3b9-5b7d-40fb-a230-da6107b8aa2e","version":2,"asset_type":"data_profile","name":"data_profile_f86bfac2-c452-4f1b-bcbb-87eadf4526c8","datasource_type":"81bafdbd-b7c6-45c5-a4fd-6ec135f66f4e","object_key":"data_profile_f86bfac2-c452-4f1b-bcbb-87eadf4526c8","creator_id":"icp4d-dev","create_time":1650745156886,"size":76048,"is_remote":false,"is_managed":false,"is_referenced":true,"is_object_key_read_only":false,"is_user_provided_path_key":true,"transfer_complete":true,"is_partitioned":false,"complete_time_ticks":1650745156886,"user_data":{},"test_doc":0,"handle":{"key":"data_profile_f86bfac2-c452-4f1b-bcbb-87eadf4526c8","upload_id":"done","max_part_num":1},"usage":{"access_count":0,"last_accessor_id":"icp4d-dev","last_access_time":1650745156886}}]}