{"metadata":{"asset_id":"e24d14df-9975-4473-93be-093adcf1678d","asset_attributes":["data_asset"],"name":"customer-profile.csv","asset_type":"data_asset","created_at":"2022-04-23T20:19:13Z","description":"","origin_country":"us","owner_id":"1000331005","project_id":"afdf5916-a592-4b7a-bc67-91e4cfa2d469","size":77821,"tags":[],"usage":{"last_update_time":1650745154169,"last_updated_at":"2022-04-23T20:19:14Z"}},"entity":{"data_asset":{"mime_type":"text/csv","dataset":false}},"attachments":[{"id":"2b099df3-1558-44e1-9363-8a4f9f448810","version":2,"asset_type":"data_asset","name":"customer-profile.csv","mime":"text/csv","datasource_type":"81bafdbd-b7c6-45c5-a4fd-6ec135f66f4e","object_key":"data_asset/customer-profile.csv","creator_id":"icp4d-dev","create_time":1650745153808,"size":77821,"is_remote":false,"is_managed":false,"is_referenced":true,"is_object_key_read_only":false,"is_user_provided_path_key":true,"transfer_complete":true,"is_partitioned":false,"complete_time_ticks":1650745153808,"user_data":{},"test_doc":0,"handle":{"key":"data_asset/customer-profile.csv","upload_id":"done","max_part_num":1},"usage":{"access_count":0,"last_accessor_id":"icp4d-dev","last_access_time":1650745153808}}]}