{"metadata":{"asset_id":"f3c9b14b-2226-4528-bd99-db80033977a8","asset_attributes":["data_asset"],"name":"Product.csv","asset_type":"data_asset","created_at":"2022-04-23T20:19:13Z","description":"","origin_country":"us","owner_id":"1000331005","project_id":"afdf5916-a592-4b7a-bc67-91e4cfa2d469","size":19359,"tags":[],"usage":{"last_update_time":1650745153872,"last_updated_at":"2022-04-23T20:19:13Z"}},"entity":{"data_asset":{"mime_type":"text/csv","dataset":false}},"attachments":[{"id":"95e9ef3f-1e2d-4705-b062-34d301fd87c1","version":2,"asset_type":"data_asset","name":"Product.csv","mime":"text/csv","datasource_type":"81bafdbd-b7c6-45c5-a4fd-6ec135f66f4e","object_key":"data_asset/Product.csv","creator_id":"icp4d-dev","create_time":1650745153585,"size":19359,"is_remote":false,"is_managed":false,"is_referenced":true,"is_object_key_read_only":true,"is_user_provided_path_key":true,"transfer_complete":true,"is_partitioned":false,"complete_time_ticks":1650745153585,"user_data":{},"test_doc":0,"handle":{"key":"data_asset/Product.csv","upload_id":"done","max_part_num":1},"usage":{"access_count":0,"last_accessor_id":"icp4d-dev","last_access_time":1650745153585}}]}