{"metadata":{"asset_id":"92be4be0-a847-4036-91c7-1aabd46edd1c","asset_attributes":["data_asset"],"name":"flow_customer_churn_batch_scoring.csv","asset_type":"data_asset","created_at":"2022-04-23T20:19:16Z","description":"","origin_country":"us","owner_id":"1000331005","project_id":"afdf5916-a592-4b7a-bc67-91e4cfa2d469","size":3773,"tags":[],"usage":{"last_update_time":1650745157225,"last_updated_at":"2022-04-23T20:19:17Z"}},"entity":{"data_asset":{"mime_type":"text/csv","dataset":false}},"attachments":[{"id":"42fe9efc-edf1-4d21-aa08-807d7b1978b8","version":2,"asset_type":"data_asset","name":"flow_customer_churn_batch_scoring.csv","mime":"text/csv","datasource_type":"81bafdbd-b7c6-45c5-a4fd-6ec135f66f4e","object_key":"data_asset/flow_customer_churn_batch_scoring.csv","creator_id":"icp4d-dev","create_time":1650745156835,"size":3773,"is_remote":false,"is_managed":false,"is_referenced":true,"is_object_key_read_only":false,"is_user_provided_path_key":true,"transfer_complete":true,"is_partitioned":false,"complete_time_ticks":1650745156835,"user_data":{},"test_doc":0,"handle":{"key":"data_asset/flow_customer_churn_batch_scoring.csv","upload_id":"done","max_part_num":1},"usage":{"access_count":0,"last_accessor_id":"icp4d-dev","last_access_time":1650745156835}}]}