{"metadata":{"asset_id":"ed79cb2d-e047-4d2a-8862-51104aafcb80","asset_attributes":["data_asset"],"name":"Trips_with_new_features.csv","asset_type":"data_asset","created_at":"2022-04-23T20:19:16Z","description":"","origin_country":"us","owner_id":"1000331005","project_id":"afdf5916-a592-4b7a-bc67-91e4cfa2d469","size":19981732,"tags":[],"usage":{"last_update_time":1650745156820,"last_updated_at":"2022-04-23T20:19:16Z"}},"entity":{"data_asset":{"mime_type":"text/csv","dataset":false}},"attachments":[{"id":"2ce9fe37-ac36-420e-9892-fce6b12d9037","version":2,"asset_type":"data_asset","name":"Trips_with_new_features.csv","mime":"text/csv","datasource_type":"81bafdbd-b7c6-45c5-a4fd-6ec135f66f4e","object_key":"data_asset/Trips_with_new_features.csv","creator_id":"icp4d-dev","create_time":1650745156508,"size":19981732,"is_remote":false,"is_managed":false,"is_referenced":true,"is_object_key_read_only":true,"is_user_provided_path_key":true,"transfer_complete":true,"is_partitioned":false,"complete_time_ticks":1650745156508,"user_data":{},"test_doc":0,"handle":{"key":"data_asset/Trips_with_new_features.csv","upload_id":"done","max_part_num":1},"usage":{"access_count":0,"last_accessor_id":"icp4d-dev","last_access_time":1650745156508}}]}