{"metadata":{"asset_id":"522f708f-e1ae-488b-9adb-66d03e394d27","asset_attributes":["data_asset"],"name":"Comments.xlsx","asset_type":"data_asset","created_at":"2022-04-23T20:19:13Z","description":"","origin_country":"us","owner_id":"1000331005","project_id":"afdf5916-a592-4b7a-bc67-91e4cfa2d469","size":56352,"tags":[],"usage":{"last_update_time":1650745154221,"last_updated_at":"2022-04-23T20:19:14Z"}},"entity":{"data_asset":{"mime_type":"application/vnd.openxmlformats-officedocument.spreadsheetml.sheet","dataset":false}},"attachments":[{"id":"7d09b58a-0c6b-4ac2-9c28-609b62acbe79","version":2,"asset_type":"data_asset","name":"Comments.xlsx","mime":"application/vnd.openxmlformats-officedocument.spreadsheetml.sheet","datasource_type":"81bafdbd-b7c6-45c5-a4fd-6ec135f66f4e","object_key":"data_asset/Comments.xlsx","creator_id":"icp4d-dev","create_time":1650745153843,"size":56352,"is_remote":false,"is_managed":false,"is_referenced":true,"is_object_key_read_only":false,"is_user_provided_path_key":true,"transfer_complete":true,"is_partitioned":false,"complete_time_ticks":1650745153843,"user_data":{},"test_doc":0,"handle":{"key":"data_asset/Comments.xlsx","upload_id":"done","max_part_num":1},"usage":{"access_count":0,"last_accessor_id":"icp4d-dev","last_access_time":1650745153843}}]}