{"metadata":{"asset_id":"ca95fe83-6509-4452-82c7-e9e3521e4669","asset_attributes":["data_asset"],"name":"customer_churn_original.csv","asset_type":"data_asset","created_at":"2022-04-23T20:19:17Z","description":"","origin_country":"us","owner_id":"1000331005","project_id":"afdf5916-a592-4b7a-bc67-91e4cfa2d469","size":246062,"tags":[],"usage":{"last_update_time":1650745158156,"last_updated_at":"2022-04-23T20:19:18Z"}},"entity":{"data_asset":{"mime_type":"text/csv","dataset":false}},"attachments":[{"id":"65fee5b6-5b48-48b7-9e49-a8df1877628a","version":2,"asset_type":"data_asset","name":"customer_churn_original.csv","mime":"text/csv","datasource_type":"81bafdbd-b7c6-45c5-a4fd-6ec135f66f4e","object_key":"data_asset/customer_churn_original.csv","creator_id":"icp4d-dev","create_time":1650745158008,"size":246062,"is_remote":false,"is_managed":false,"is_referenced":true,"is_object_key_read_only":false,"is_user_provided_path_key":true,"transfer_complete":true,"is_partitioned":false,"complete_time_ticks":1650745158008,"user_data":{},"test_doc":0,"handle":{"key":"data_asset/customer_churn_original.csv","upload_id":"done","max_part_num":1},"usage":{"access_count":0,"last_accessor_id":"icp4d-dev","last_access_time":1650745158008}}]}