{"metadata":{"asset_id":"a69e63d0-e9ad-4435-bda7-6818151fa8c6","asset_attributes":["data_asset"],"name":"Online_Transactions.csv","asset_type":"data_asset","created_at":"2022-04-23T20:19:15Z","description":"","origin_country":"us","owner_id":"1000331005","project_id":"afdf5916-a592-4b7a-bc67-91e4cfa2d469","size":740273,"tags":[],"usage":{"last_update_time":1650745156132,"last_updated_at":"2022-04-23T20:19:16Z"}},"entity":{"data_asset":{"mime_type":"text/csv","dataset":false}},"attachments":[{"id":"3d322ba4-1a0f-42e4-9ea1-881202a07f53","version":2,"asset_type":"data_asset","name":"Online_Transactions.csv","mime":"text/csv","datasource_type":"81bafdbd-b7c6-45c5-a4fd-6ec135f66f4e","object_key":"data_asset/Online_Transactions.csv","creator_id":"icp4d-dev","create_time":1650745155913,"size":740273,"is_remote":false,"is_managed":false,"is_referenced":true,"is_object_key_read_only":true,"is_user_provided_path_key":true,"transfer_complete":true,"is_partitioned":false,"complete_time_ticks":1650745155913,"user_data":{},"test_doc":0,"handle":{"key":"data_asset/Online_Transactions.csv","upload_id":"done","max_part_num":1},"usage":{"access_count":0,"last_accessor_id":"icp4d-dev","last_access_time":1650745155913}}]}