{"metadata":{"asset_id":"876915f6-a138-4c67-87aa-ee335d9673af","asset_attributes":["data_asset"],"name":"Trips.csv","asset_type":"data_asset","created_at":"2022-04-23T20:19:13Z","description":"","origin_country":"us","owner_id":"1000331005","project_id":"afdf5916-a592-4b7a-bc67-91e4cfa2d469","size":12979278,"tags":[],"usage":{"last_update_time":1650745154219,"last_updated_at":"2022-04-23T20:19:14Z"}},"entity":{"data_asset":{"mime_type":"text/csv","dataset":false}},"attachments":[{"id":"fc78e4c5-9323-4c81-9bfc-8f4649e2d54c","version":2,"asset_type":"data_asset","name":"Trips.csv","mime":"text/csv","datasource_type":"81bafdbd-b7c6-45c5-a4fd-6ec135f66f4e","object_key":"data_asset/Trips.csv","creator_id":"icp4d-dev","create_time":1650745153796,"size":12979278,"is_remote":false,"is_managed":false,"is_referenced":true,"is_object_key_read_only":true,"is_user_provided_path_key":true,"transfer_complete":true,"is_partitioned":false,"complete_time_ticks":1650745153796,"user_data":{},"test_doc":0,"handle":{"key":"data_asset/Trips.csv","upload_id":"done","max_part_num":1},"usage":{"access_count":0,"last_accessor_id":"icp4d-dev","last_access_time":1650745153796}}]}