{"metadata":{"asset_id":"88ddfd15-cc58-46ef-9369-0028cd2fce27","asset_attributes":["data_asset"],"name":"Mortgage_Data_Merged.csv","asset_type":"data_asset","created_at":"2022-04-23T20:19:13Z","description":"","origin_country":"us","owner_id":"1000331005","project_id":"afdf5916-a592-4b7a-bc67-91e4cfa2d469","size":28088,"tags":[],"usage":{"last_update_time":1650745153994,"last_updated_at":"2022-04-23T20:19:13Z"}},"entity":{"data_asset":{"mime_type":"text/csv","dataset":false}},"attachments":[{"id":"4dd339fa-90b4-4b26-a895-b97bdc852f10","version":2,"asset_type":"data_asset","name":"Mortgage_Data_Merged.csv","mime":"text/csv","datasource_type":"81bafdbd-b7c6-45c5-a4fd-6ec135f66f4e","object_key":"data_asset/Mortgage_Data_Merged.csv","creator_id":"icp4d-dev","create_time":1650745153707,"size":28088,"is_remote":false,"is_managed":false,"is_referenced":true,"is_object_key_read_only":true,"is_user_provided_path_key":true,"transfer_complete":true,"is_partitioned":false,"complete_time_ticks":1650745153707,"user_data":{},"test_doc":0,"handle":{"key":"data_asset/Mortgage_Data_Merged.csv","upload_id":"done","max_part_num":1},"usage":{"access_count":0,"last_accessor_id":"icp4d-dev","last_access_time":1650745153707}}]}