{"metadata":{"asset_id":"479d92c2-5447-4ce1-9c36-09040890be4c","asset_attributes":["data_asset"],"name":"december_transactions_orig.csv","asset_type":"data_asset","created_at":"2022-04-23T20:19:14Z","description":"","origin_country":"us","owner_id":"1000331005","project_id":"afdf5916-a592-4b7a-bc67-91e4cfa2d469","size":26974525,"tags":[],"usage":{"last_update_time":1650745155737,"last_updated_at":"2022-04-23T20:19:15Z"}},"entity":{"data_asset":{"mime_type":"text/csv","dataset":false}},"attachments":[{"id":"e17477e0-da3d-45ab-aacc-a10cd988167a","version":2,"asset_type":"data_asset","name":"december_transactions_orig.csv","mime":"text/csv","datasource_type":"81bafdbd-b7c6-45c5-a4fd-6ec135f66f4e","object_key":"data_asset/december_transactions_orig.csv","creator_id":"icp4d-dev","create_time":1650745155461,"size":26974525,"is_remote":false,"is_managed":false,"is_referenced":true,"is_object_key_read_only":true,"is_user_provided_path_key":true,"transfer_complete":true,"is_partitioned":false,"complete_time_ticks":1650745155461,"user_data":{},"test_doc":0,"handle":{"key":"data_asset/december_transactions_orig.csv","upload_id":"done","max_part_num":1},"usage":{"access_count":0,"last_accessor_id":"icp4d-dev","last_access_time":1650745155461}}]}