{"metadata":{"asset_id":"13683cbe-0d55-4a4b-b631-7819f81983b8","asset_attributes":["data_asset"],"name":"CustomerDataforClassification.xlsx","asset_type":"data_asset","created_at":"2022-04-23T20:19:15Z","description":"","origin_country":"us","owner_id":"1000331005","project_id":"afdf5916-a592-4b7a-bc67-91e4cfa2d469","size":153989,"tags":[],"usage":{"last_update_time":1650745156163,"last_updated_at":"2022-04-23T20:19:16Z"}},"entity":{"data_asset":{"mime_type":"application/vnd.openxmlformats-officedocument.spreadsheetml.sheet","dataset":false}},"attachments":[{"id":"88134042-3ce2-4a70-be9a-4f3bad8969a3","version":2,"asset_type":"data_asset","name":"CustomerDataforClassification.xlsx","mime":"application/vnd.openxmlformats-officedocument.spreadsheetml.sheet","datasource_type":"81bafdbd-b7c6-45c5-a4fd-6ec135f66f4e","object_key":"data_asset/CustomerDataforClassification.xlsx","creator_id":"icp4d-dev","create_time":1650745155973,"size":153989,"is_remote":false,"is_managed":false,"is_referenced":true,"is_object_key_read_only":false,"is_user_provided_path_key":true,"transfer_complete":true,"is_partitioned":false,"complete_time_ticks":1650745155973,"user_data":{},"test_doc":0,"handle":{"key":"data_asset/CustomerDataforClassification.xlsx","upload_id":"done","max_part_num":1},"usage":{"access_count":0,"last_accessor_id":"icp4d-dev","last_access_time":1650745155973}}]}