{"metadata":{"asset_id":"7d2898c6-bdbc-4055-a508-2861ad64f1bf","asset_attributes":["data_asset"],"name":"new_customers_with_id.csv","asset_type":"data_asset","created_at":"2022-04-23T20:19:14Z","description":"","origin_country":"us","owner_id":"1000331005","project_id":"afdf5916-a592-4b7a-bc67-91e4cfa2d469","size":11643,"tags":[],"usage":{"last_update_time":1650745155299,"last_updated_at":"2022-04-23T20:19:15Z"}},"entity":{"data_asset":{"mime_type":"text/csv","dataset":false}},"attachments":[{"id":"d51e2af2-2263-4d41-bec8-5645fa2bcdfe","version":2,"asset_type":"data_asset","name":"new_customers_with_id.csv","mime":"text/csv","datasource_type":"81bafdbd-b7c6-45c5-a4fd-6ec135f66f4e","object_key":"data_asset/new_customers_with_id.csv","creator_id":"icp4d-dev","create_time":1650745154921,"size":11643,"is_remote":false,"is_managed":false,"is_referenced":true,"is_object_key_read_only":true,"is_user_provided_path_key":true,"transfer_complete":true,"is_partitioned":false,"complete_time_ticks":1650745154921,"user_data":{},"test_doc":0,"handle":{"key":"data_asset/new_customers_with_id.csv","upload_id":"done","max_part_num":1},"usage":{"access_count":0,"last_accessor_id":"icp4d-dev","last_access_time":1650745154921}}]}