{"metadata":{"asset_id":"595c3ee0-b964-415f-a6a1-ff54b769cbc9","asset_attributes":["data_asset"],"name":"transactions_for_affinity.CSV","asset_type":"data_asset","created_at":"2022-04-23T20:19:17Z","description":"","origin_country":"us","owner_id":"1000331005","project_id":"afdf5916-a592-4b7a-bc67-91e4cfa2d469","size":265463,"tags":[],"usage":{"last_update_time":1650745158198,"last_updated_at":"2022-04-23T20:19:18Z"}},"entity":{"data_asset":{"mime_type":"application/vnd.ms-excel","dataset":false}},"attachments":[{"id":"828d22e4-a851-4fa3-9c10-a88aa4b48791","version":2,"asset_type":"data_asset","name":"transactions_for_affinity.CSV","mime":"application/vnd.ms-excel","datasource_type":"81bafdbd-b7c6-45c5-a4fd-6ec135f66f4e","object_key":"data_asset/transactions_for_affinity.CSV","creator_id":"icp4d-dev","create_time":1650745158080,"size":265463,"is_remote":false,"is_managed":false,"is_referenced":true,"is_object_key_read_only":true,"is_user_provided_path_key":true,"transfer_complete":true,"is_partitioned":false,"complete_time_ticks":1650745158080,"user_data":{},"test_doc":0,"handle":{"key":"data_asset/transactions_for_affinity.CSV","upload_id":"done","max_part_num":1},"usage":{"access_count":0,"last_accessor_id":"icp4d-dev","last_access_time":1650745158080}}]}