{"metadata":{"asset_id":"f29f350f-e002-49ed-968e-ce1dfff2275b","asset_attributes":["environment"],"name":"custom test","asset_type":"environment","created_at":"2022-04-23T20:19:18Z","description":"","origin_country":"us","owner_id":"1000331005","project_id":"afdf5916-a592-4b7a-bc67-91e4cfa2d469","sandbox_id":"afdf5916-a592-4b7a-bc67-91e4cfa2d469","size":0,"tags":[],"usage":{"last_update_time":1650745158735,"last_updated_at":"2022-04-23T20:19:18Z"}},"entity":{"environment":{"sub_type":"notebook","display_name":"custom test","hardware_specification":{"type":"referenced","guid":"ecffbdbf-5b11-4b44-a717-ce1e97293da1"},"software_specification":{"type":"referenced","guid":"ab9e1b80-f2ce-592c-a7d2-4f2344f77194"},"tools_specification":{"supported_kernels":[{"name":"python38","language":"python","version":"3.8","display_name":"Python 3.8"}]},"runtime_definition":"jupyter-py38"}}}