{"metadata":{"asset_id":"9da52d7b-77ed-4f1e-8f87-d858552b37d9","asset_attributes":["environment"],"name":"Python 4-core","asset_type":"environment","created_at":"2022-04-23T20:19:18Z","description":"","origin_country":"us","owner_id":"1000331005","project_id":"afdf5916-a592-4b7a-bc67-91e4cfa2d469","sandbox_id":"afdf5916-a592-4b7a-bc67-91e4cfa2d469","size":0,"tags":[],"usage":{"last_update_time":1650745158844,"last_updated_at":"2022-04-23T20:19:18Z"}},"entity":{"environment":{"sub_type":"notebook","display_name":"Python 4-core","hardware_specification":{"type":"referenced","guid":"aa38bbea-2144-4f91-84a7-968b9f6df861"},"software_specification":{"type":"referenced","guid":"ab9e1b80-f2ce-592c-a7d2-4f2344f77194"},"tools_specification":{"supported_kernels":[{"name":"python38","language":"python","version":"3.8","display_name":"Python 3.8"}]},"runtime_definition":"jupyter-py38"}}}