{"metadata":{"asset_id":"71695948-bcd4-40f2-b255-eb76ae22ddd7","asset_attributes":["environment"],"name":"Test","asset_type":"environment","created_at":"2022-04-23T20:19:18Z","description":"","origin_country":"us","owner_id":"1000331005","project_id":"afdf5916-a592-4b7a-bc67-91e4cfa2d469","sandbox_id":"afdf5916-a592-4b7a-bc67-91e4cfa2d469","size":0,"tags":[],"usage":{"last_update_time":1650745158826,"last_updated_at":"2022-04-23T20:19:18Z"}},"entity":{"environment":{"sub_type":"notebook","display_name":"Test","hardware_specification":{"type":"referenced","guid":"71d23719-0c94-4397-8b8e-5767a167ff49"},"software_specification":{"type":"referenced","guid":"ab9e1b80-f2ce-592c-a7d2-4f2344f77194"},"tools_specification":{"supported_kernels":[{"name":"python38","language":"python","version":"3.8","display_name":"Python 3.8"}]},"runtime_definition":"jupyter-py38"}}}