{"metadata":{"asset_id":"7c5e3dd0-cd41-495d-80d2-c40f230f6d2f","asset_attributes":["hardware_specification"],"name":"Python 4x8","asset_type":"hardware_specification","created_at":"2022-04-23T20:19:14Z","description":"","origin_country":"us","owner_id":"1000331005","project_id":"afdf5916-a592-4b7a-bc67-91e4cfa2d469","sandbox_id":"afdf5916-a592-4b7a-bc67-91e4cfa2d469","size":0,"tags":[],"usage":{"last_update_time":1650745154977,"last_updated_at":"2022-04-23T20:19:14Z"}},"entity":{"hardware_specification":{"nodes":{"cpu":{"units":"4","model":""},"mem":{"size":"8Gi"}}}}}