{"metadata":{"asset_id":"71d23719-0c94-4397-8b8e-5767a167ff49","asset_attributes":["hardware_specification"],"name":"Test","asset_type":"hardware_specification","created_at":"2022-04-23T20:19:17Z","description":"","origin_country":"us","owner_id":"1000331005","project_id":"afdf5916-a592-4b7a-bc67-91e4cfa2d469","sandbox_id":"afdf5916-a592-4b7a-bc67-91e4cfa2d469","size":0,"tags":[],"usage":{"last_update_time":1650745157409,"last_updated_at":"2022-04-23T20:19:17Z"}},"entity":{"hardware_specification":{"nodes":{"cpu":{"units":"1","model":""},"mem":{"size":"2Gi"}}}}}