{"metadata":{"asset_id":"ecffbdbf-5b11-4b44-a717-ce1e97293da1","asset_attributes":["hardware_specification"],"name":"custom test","asset_type":"hardware_specification","created_at":"2022-04-23T20:19:15Z","description":"","origin_country":"us","owner_id":"1000331005","project_id":"afdf5916-a592-4b7a-bc67-91e4cfa2d469","sandbox_id":"afdf5916-a592-4b7a-bc67-91e4cfa2d469","size":0,"tags":[],"usage":{"last_update_time":1650745155820,"last_updated_at":"2022-04-23T20:19:15Z"}},"entity":{"hardware_specification":{"nodes":{"cpu":{"units":"1","model":""},"mem":{"size":"2Gi"}}}}}