{"metadata":{"asset_id":"3b6fdfed-49a5-411e-80be-675418468a82","asset_attributes":["job"],"name":"Step3_Post_Scoring_Rules","asset_type":"job","created_at":"2022-04-23T20:20:48Z","description":"","origin_country":"us","owner_id":"1000331005","project_id":"afdf5916-a592-4b7a-bc67-91e4cfa2d469","size":0,"tags":[],"usage":{"last_update_time":1650745248560,"last_updated_at":"2022-04-23T20:20:48Z"}},"entity":{"job":{"asset_ref_type":"machine-learning-stream","configuration":{"env_id":"modcpd1-afdf5916-a592-4b7a-bc67-91e4cfa2d469","branches":["id465UU512A7C"],"env_type":"modeler","env_variables":[]},"last_run_initiator":"None","last_run_time":"","last_run_status":"None","last_run_status_timestamp":0,"future_scheduled_runs":[],"enable_notifications":true,"project_name":"MLOps Workshop","asset_ref":"71fcf056-b44d-4be4-99c0-856135079c67"}}}