{"metadata":{"asset_id":"bb7c1228-53f3-41d9-b3cc-5d062409f88e","asset_attributes":["job"],"name":"Test","asset_type":"job","created_at":"2022-04-23T20:20:48Z","description":"","origin_country":"us","owner_id":"1000331005","project_id":"afdf5916-a592-4b7a-bc67-91e4cfa2d469","size":0,"tags":[],"usage":{"last_update_time":1650745248858,"last_updated_at":"2022-04-23T20:20:48Z"}},"entity":{"job":{"asset_ref_type":"machine-learning-stream","configuration":{"env_id":"modcpd1-afdf5916-a592-4b7a-bc67-91e4cfa2d469","branches":["idN7V11RDNMK"],"env_type":"modeler","env_variables":[]},"last_run_initiator":"None","last_run_time":"","last_run_status":"None","last_run_status_timestamp":0,"future_scheduled_runs":[],"enable_notifications":true,"project_name":"MLOps Workshop","asset_ref":"940f5fd9-d2ed-4147-aa05-fe28194246ee"}}}