{"metadata":{"asset_id":"025c09e4-17b0-418a-8d14-908f50ed6523","asset_attributes":["job"],"name":"Step1_Data_Prep","asset_type":"job","created_at":"2022-04-23T20:20:48Z","description":"","origin_country":"us","owner_id":"1000331005","project_id":"afdf5916-a592-4b7a-bc67-91e4cfa2d469","size":0,"tags":[],"usage":{"last_update_time":1650745248477,"last_updated_at":"2022-04-23T20:20:48Z"}},"entity":{"job":{"asset_ref_type":"machine-learning-stream","configuration":{"env_id":"modcpd1-afdf5916-a592-4b7a-bc67-91e4cfa2d469","branches":["id5LQV3ZWCXB4","id5NGVSZYYE68"],"env_type":"modeler","env_variables":[]},"last_run_initiator":"None","last_run_time":"","last_run_status":"None","last_run_status_timestamp":0,"future_scheduled_runs":[],"enable_notifications":true,"project_name":"MLOps Workshop","asset_ref":"235e7ad3-8aba-4b31-b3eb-4c0b9d688539"}}}