{"metadata":{"asset_id":"aa8bcecc-154e-471d-aa88-8558f7d40943","asset_attributes":["job"],"name":"Test_Job_Invocation_via_API","asset_type":"job","created_at":"2022-04-23T20:20:48Z","description":"","origin_country":"us","owner_id":"1000331005","project_id":"afdf5916-a592-4b7a-bc67-91e4cfa2d469","size":0,"tags":[],"usage":{"last_update_time":1650745248857,"last_updated_at":"2022-04-23T20:20:48Z"}},"entity":{"job":{"asset_ref_type":"notebook","configuration":{"env_id":"b0bf9ef4-ed1d-491d-bce3-b4f2a049dd95","file_ref":"","entrypoint":"","run_results":"log_and_new_notebook","env_type":"notebook","env_variables":[]},"last_run_initiator":"None","last_run_time":"","last_run_status":"None","last_run_status_timestamp":0,"future_scheduled_runs":[],"enable_notifications":true,"project_name":"MLOps Workshop","asset_ref":"f050acd0-3b0b-4739-b297-1dd032362500"}}}