{"metadata":{"asset_id":"d0e6c344-561b-4ab9-b9a6-91a93f3061d6","asset_attributes":["notebook"],"name":"Invoke_Jobs","asset_type":"notebook","created_at":"2022-04-23T20:48:35Z","description":"","origin_country":"us","owner_id":"1000331005","project_id":"afdf5916-a592-4b7a-bc67-91e4cfa2d469","size":10068,"tags":["notebook"],"usage":{"last_update_time":1650746916165,"last_updated_at":"2022-04-23T20:48:36Z"}},"entity":{"notebook":{"kernel":"","originates_from":{"type":"blank"},"runtime":{"environment":"jupconda38-afdf5916-a592-4b7a-bc67-91e4cfa2d469"}}},"attachments":[{"id":"7e8e03dc-ad1c-47f2-af5c-19c7d2a4396b","version":2,"asset_type":"notebook","name":"attachment for notebook d0e6c344-561b-4ab9-b9a6-91a93f3061d6","description":"attachment for notebook d0e6c344-561b-4ab9-b9a6-91a93f3061d6","mime":"application/json","datasource_type":"81bafdbd-b7c6-45c5-a4fd-6ec135f66f4e","object_key":"notebook/Invoke_Jobs__KNFoIIvY.ipynb","creator_id":"1000331005","create_time":1650746916165,"size":10068,"is_remote":false,"is_managed":false,"is_referenced":true,"is_object_key_read_only":false,"is_user_provided_path_key":true,"transfer_complete":true,"is_partitioned":false,"complete_time_ticks":1650746916165,"user_data":{},"test_doc":0,"handle":{"key":"notebook/Invoke_Jobs__KNFoIIvY.ipynb","upload_id":"done","max_part_num":1},"usage":{"access_count":0,"last_accessor_id":"1000331005","last_access_time":1650746916165}}]}