{"metadata":{"asset_id":"5b22aa14-aea8-44bd-8594-1aff138371a2","asset_attributes":["notebook"],"name":"Deployment_with_API","asset_type":"notebook","created_at":"2022-04-23T20:19:27Z","description":"","origin_country":"us","owner_id":"icp4d-dev","project_id":"afdf5916-a592-4b7a-bc67-91e4cfa2d469","size":106723,"tags":["notebook"],"usage":{"last_update_time":1650745168257,"last_updated_at":"2022-04-23T20:19:28Z"}},"entity":{"notebook":{"kernel":{"name":"python3","display_name":"Python 3.8","language":"python"},"originates_from":{"type":"file"},"runtime":{"environment":"b0bf9ef4-ed1d-491d-bce3-b4f2a049dd95"}}},"attachments":[{"id":"07d9cea0-e41c-4054-a8d5-f25be9820cf4","version":2,"asset_type":"notebook","name":"attachment for notebook 5b22aa14-aea8-44bd-8594-1aff138371a2","description":"attachment for notebook 5b22aa14-aea8-44bd-8594-1aff138371a2","mime":"application/json","datasource_type":"81bafdbd-b7c6-45c5-a4fd-6ec135f66f4e","object_key":"notebook/Deployment_with_API_UhgmBLmrH.ipynb","creator_id":"1000331005","create_time":1650745167723,"size":106723,"is_remote":false,"is_managed":false,"is_referenced":true,"is_object_key_read_only":false,"is_user_provided_path_key":true,"transfer_complete":true,"is_partitioned":false,"complete_time_ticks":1650745167723,"user_data":{},"test_doc":0,"handle":{"key":"notebook/Deployment_with_API_UhgmBLmrH.ipynb","upload_id":"done","max_part_num":1},"usage":{"access_count":1,"last_accessor_id":"icp4d-dev","last_access_time":1650745168080,"last_updater_id":"icp4d-dev","last_update_time":1650745168080}}]}