{"metadata":{"asset_id":"6862563a-6ff8-4f97-8e0b-213e78a8c009","asset_attributes":["notebook"],"name":"Database_Read_Write","asset_type":"notebook","created_at":"2022-04-23T20:19:20Z","description":"","origin_country":"us","owner_id":"icp4d-dev","project_id":"afdf5916-a592-4b7a-bc67-91e4cfa2d469","size":9254,"tags":["notebook"],"usage":{"last_update_time":1650745161140,"last_updated_at":"2022-04-23T20:19:21Z"}},"entity":{"notebook":{"kernel":{"name":"python3","display_name":"Python 3.8","language":"python"},"originates_from":{"type":"file"},"runtime":{"environment":"jupconda38-afdf5916-a592-4b7a-bc67-91e4cfa2d469"}}},"attachments":[{"id":"79e515bd-1c2e-474b-a81e-c50babe3508f","version":2,"asset_type":"notebook","name":"attachment for notebook 6862563a-6ff8-4f97-8e0b-213e78a8c009","description":"attachment for notebook 6862563a-6ff8-4f97-8e0b-213e78a8c009","mime":"application/json","datasource_type":"81bafdbd-b7c6-45c5-a4fd-6ec135f66f4e","object_key":"notebook/Database_Read_Write_As0YfX0jc.ipynb","creator_id":"1000331005","create_time":1650745160566,"size":9254,"is_remote":false,"is_managed":false,"is_referenced":true,"is_object_key_read_only":false,"is_user_provided_path_key":true,"transfer_complete":true,"is_partitioned":false,"complete_time_ticks":1650745160566,"user_data":{},"test_doc":0,"handle":{"key":"notebook/Database_Read_Write_As0YfX0jc.ipynb","upload_id":"done","max_part_num":1},"usage":{"access_count":1,"last_accessor_id":"icp4d-dev","last_access_time":1650745160916,"last_updater_id":"icp4d-dev","last_update_time":1650745160916}}]}