{"metadata":{"asset_id":"32e86def-696a-4acc-8e3b-4eec01b38abb","asset_attributes":["notebook"],"name":"Read_Write_CSV_Data","asset_type":"notebook","created_at":"2022-04-23T20:19:27Z","description":"","origin_country":"us","owner_id":"icp4d-dev","project_id":"afdf5916-a592-4b7a-bc67-91e4cfa2d469","size":3360,"tags":["notebook"],"usage":{"last_update_time":1650745168500,"last_updated_at":"2022-04-23T20:19:28Z"}},"entity":{"notebook":{"kernel":{"name":"python3","display_name":"Python 3.8","language":"python"},"originates_from":{"type":"file"},"runtime":{"environment":"jupconda38-afdf5916-a592-4b7a-bc67-91e4cfa2d469"}}},"attachments":[{"id":"e5d8d97b-ce75-41d5-b187-c9992866f653","version":2,"asset_type":"notebook","name":"attachment for notebook 32e86def-696a-4acc-8e3b-4eec01b38abb","description":"attachment for notebook 32e86def-696a-4acc-8e3b-4eec01b38abb","mime":"application/json","datasource_type":"81bafdbd-b7c6-45c5-a4fd-6ec135f66f4e","object_key":"notebook/Read_Write_CSV_Data_TRz3ECpGr.ipynb","creator_id":"1000331005","create_time":1650745167879,"size":3360,"is_remote":false,"is_managed":false,"is_referenced":true,"is_object_key_read_only":false,"is_user_provided_path_key":true,"transfer_complete":true,"is_partitioned":false,"complete_time_ticks":1650745167879,"user_data":{},"test_doc":0,"handle":{"key":"notebook/Read_Write_CSV_Data_TRz3ECpGr.ipynb","upload_id":"done","max_part_num":1},"usage":{"access_count":1,"last_accessor_id":"icp4d-dev","last_access_time":1650745168287,"last_updater_id":"icp4d-dev","last_update_time":1650745168287}}]}