{"metadata":{"asset_id":"e08058f1-f254-4ea3-905f-ae63f55b3e03","asset_attributes":["notebook"],"name":"InvokeJobs","asset_type":"notebook","created_at":"2022-04-23T20:19:20Z","description":"","origin_country":"us","owner_id":"icp4d-dev","project_id":"afdf5916-a592-4b7a-bc67-91e4cfa2d469","size":10326,"tags":["notebook"],"usage":{"last_update_time":1650745161309,"last_updated_at":"2022-04-23T20:19:21Z"}},"entity":{"notebook":{"kernel":{"name":"python3","display_name":"Python 3.8","language":"python"},"originates_from":{"type":"file"},"runtime":{"environment":"jupconda38-afdf5916-a592-4b7a-bc67-91e4cfa2d469"}}},"attachments":[{"id":"bd264f70-da40-4d88-88ab-5db7325a973a","version":2,"asset_type":"notebook","name":"attachment for notebook e08058f1-f254-4ea3-905f-ae63f55b3e03","description":"attachment for notebook e08058f1-f254-4ea3-905f-ae63f55b3e03","mime":"application/json","datasource_type":"81bafdbd-b7c6-45c5-a4fd-6ec135f66f4e","object_key":"notebook/InvokeJobs_udzQmXVuT.ipynb","creator_id":"1000331005","create_time":1650745160680,"size":10326,"is_remote":false,"is_managed":false,"is_referenced":true,"is_object_key_read_only":false,"is_user_provided_path_key":true,"transfer_complete":true,"is_partitioned":false,"complete_time_ticks":1650745160680,"user_data":{},"test_doc":0,"handle":{"key":"notebook/InvokeJobs_udzQmXVuT.ipynb","upload_id":"done","max_part_num":1},"usage":{"access_count":1,"last_accessor_id":"icp4d-dev","last_access_time":1650745161067,"last_updater_id":"icp4d-dev","last_update_time":1650745161067}}]}