{"metadata":{"asset_id":"f050acd0-3b0b-4739-b297-1dd032362500","asset_attributes":["notebook"],"name":"Predict_Customer_Churn","asset_type":"notebook","created_at":"2022-04-23T20:19:19Z","description":"","origin_country":"us","owner_id":"icp4d-dev","project_id":"afdf5916-a592-4b7a-bc67-91e4cfa2d469","size":16676,"tags":["notebook"],"usage":{"last_update_time":1650745160249,"last_updated_at":"2022-04-23T20:19:20Z"}},"entity":{"notebook":{"kernel":{"name":"python3","display_name":"Python 3.8","language":"python"},"originates_from":{"type":"file"},"runtime":{"environment":"241e7e9c-38f3-40c6-a8b9-05a3ec427a9d"}}},"attachments":[{"id":"9a7a7cc4-f026-486d-886d-1121abf9bf4a","version":2,"asset_type":"notebook","name":"attachment for notebook f050acd0-3b0b-4739-b297-1dd032362500","description":"attachment for notebook f050acd0-3b0b-4739-b297-1dd032362500","mime":"application/json","datasource_type":"81bafdbd-b7c6-45c5-a4fd-6ec135f66f4e","object_key":"notebook/Predict_Customer_Churn_dfrTjWu7d.ipynb","creator_id":"1000331005","create_time":1650745159466,"size":16676,"is_remote":false,"is_managed":false,"is_referenced":true,"is_object_key_read_only":false,"is_user_provided_path_key":true,"transfer_complete":true,"is_partitioned":false,"complete_time_ticks":1650745159466,"user_data":{},"test_doc":0,"handle":{"key":"notebook/Predict_Customer_Churn_dfrTjWu7d.ipynb","upload_id":"done","max_part_num":1},"usage":{"access_count":1,"last_accessor_id":"icp4d-dev","last_access_time":1650745160051,"last_updater_id":"icp4d-dev","last_update_time":1650745160051}}]}