{"metadata":{"asset_id":"56a1de8a-b470-4b13-b60b-90bef0a064af","asset_attributes":["notebook"],"name":"Update_Deployment","asset_type":"notebook","created_at":"2022-04-25T22:25:11Z","description":"","origin_country":"us","owner_id":"1000331005","project_id":"afdf5916-a592-4b7a-bc67-91e4cfa2d469","size":50069,"tags":["notebook"],"usage":{"last_update_time":1650925533338,"last_updated_at":"2022-04-25T22:25:33Z"}},"entity":{"notebook":{"kernel":{"name":"python3","display_name":"Python 3.8","language":"python"},"originates_from":{"type":"blank"},"runtime":{"environment":"jupconda38-afdf5916-a592-4b7a-bc67-91e4cfa2d469"}}},"attachments":[{"id":"1d41b053-4fe5-4715-94ac-42c4800bc681","version":2,"asset_type":"notebook","name":"attachment for notebook 56a1de8a-b470-4b13-b60b-90bef0a064af","description":"attachment for notebook 56a1de8a-b470-4b13-b60b-90bef0a064af","mime":"application/json","datasource_type":"81bafdbd-b7c6-45c5-a4fd-6ec135f66f4e","object_key":"notebook/Update_Deployment_PtY4MNkBn.ipynb","creator_id":"1000331005","create_time":1650925511710,"size":50069,"is_remote":false,"is_managed":false,"is_referenced":true,"is_object_key_read_only":false,"is_user_provided_path_key":true,"transfer_complete":true,"is_partitioned":false,"complete_time_ticks":1650925511710,"user_data":{},"test_doc":0,"handle":{"key":"notebook/Update_Deployment_PtY4MNkBn.ipynb","upload_id":"done","max_part_num":1},"usage":{"access_count":0,"last_accessor_id":"1000331005","last_access_time":1650925511710}}]}