{"metadata":{"asset_id":"78d205ce-0edb-42c4-8a9a-ca61e31c33f1","asset_attributes":["notebook"],"name":"Read_Write_Storage_Volume","asset_type":"notebook","created_at":"2022-04-23T20:19:28Z","description":"","origin_country":"us","owner_id":"icp4d-dev","project_id":"afdf5916-a592-4b7a-bc67-91e4cfa2d469","size":7721,"tags":["notebook"],"usage":{"last_update_time":1650745169223,"last_updated_at":"2022-04-23T20:19:29Z"}},"entity":{"notebook":{"kernel":{"name":"python3","display_name":"Python 3.8","language":"python"},"originates_from":{"type":"file"},"runtime":{"environment":"jupconda38-afdf5916-a592-4b7a-bc67-91e4cfa2d469"}}},"attachments":[{"id":"80df7815-00e5-4f14-93f9-6e7af53992be","version":2,"asset_type":"notebook","name":"attachment for notebook 78d205ce-0edb-42c4-8a9a-ca61e31c33f1","description":"attachment for notebook 78d205ce-0edb-42c4-8a9a-ca61e31c33f1","mime":"application/json","datasource_type":"81bafdbd-b7c6-45c5-a4fd-6ec135f66f4e","object_key":"notebook/Read_Write_Storage_Volume_6tF6JIWg3.ipynb","creator_id":"1000331005","create_time":1650745168590,"size":7721,"is_remote":false,"is_managed":false,"is_referenced":true,"is_object_key_read_only":false,"is_user_provided_path_key":true,"transfer_complete":true,"is_partitioned":false,"complete_time_ticks":1650745168590,"user_data":{},"test_doc":0,"handle":{"key":"notebook/Read_Write_Storage_Volume_6tF6JIWg3.ipynb","upload_id":"done","max_part_num":1},"usage":{"access_count":1,"last_accessor_id":"icp4d-dev","last_access_time":1650745169056,"last_updater_id":"icp4d-dev","last_update_time":1650745169056}}]}