{"metadata":{"asset_id":"8a593540-88b0-44d4-a1da-9a8ef56b7b80","asset_attributes":["notebook"],"name":"churn_prediction_pyspark","asset_type":"notebook","created_at":"2022-04-23T20:19:19Z","description":"","origin_country":"us","owner_id":"icp4d-dev","project_id":"afdf5916-a592-4b7a-bc67-91e4cfa2d469","size":17284,"tags":["notebook"],"usage":{"last_update_time":1650745160247,"last_updated_at":"2022-04-23T20:19:20Z"}},"entity":{"notebook":{"kernel":"","originates_from":{"type":"file"},"runtime":{"environment":"jupconda38-afdf5916-a592-4b7a-bc67-91e4cfa2d469"}}},"attachments":[{"id":"c3c71f5f-225f-48a5-b1d8-ad86a65a6e26","version":2,"asset_type":"notebook","name":"attachment for notebook 8a593540-88b0-44d4-a1da-9a8ef56b7b80","description":"attachment for notebook 8a593540-88b0-44d4-a1da-9a8ef56b7b80","mime":"application/json","datasource_type":"81bafdbd-b7c6-45c5-a4fd-6ec135f66f4e","object_key":"notebook/churn_prediction_pyspark_YEvktaala.ipynb","creator_id":"1000331005","create_time":1650745159379,"size":17284,"is_remote":false,"is_managed":false,"is_referenced":true,"is_object_key_read_only":false,"is_user_provided_path_key":true,"transfer_complete":true,"is_partitioned":false,"complete_time_ticks":1650745159379,"user_data":{},"test_doc":0,"handle":{"key":"notebook/churn_prediction_pyspark_YEvktaala.ipynb","upload_id":"done","max_part_num":1},"usage":{"access_count":1,"last_accessor_id":"icp4d-dev","last_access_time":1650745159962,"last_updater_id":"icp4d-dev","last_update_time":1650745159962}}]}