{"metadata":{"asset_id":"bd96dd08-13bd-47aa-af69-182beab0143b","asset_attributes":["notebook"],"name":"Invoke_Flows","asset_type":"notebook","created_at":"2022-04-23T20:19:19Z","description":"","origin_country":"us","owner_id":"icp4d-dev","project_id":"afdf5916-a592-4b7a-bc67-91e4cfa2d469","size":12861,"tags":["notebook"],"usage":{"last_update_time":1650745160214,"last_updated_at":"2022-04-23T20:19:20Z"}},"entity":{"notebook":{"kernel":{"name":"python3","display_name":"Python 3.8","language":"python"},"originates_from":{"type":"file"},"runtime":{"environment":"jupconda38-afdf5916-a592-4b7a-bc67-91e4cfa2d469"}}},"attachments":[{"id":"0b213f4b-a66a-43dc-875b-8a810f00c8e3","version":2,"asset_type":"notebook","name":"attachment for notebook bd96dd08-13bd-47aa-af69-182beab0143b","description":"attachment for notebook bd96dd08-13bd-47aa-af69-182beab0143b","mime":"application/json","datasource_type":"81bafdbd-b7c6-45c5-a4fd-6ec135f66f4e","object_key":"notebook/Invoke_Flows_LZOhIenaF.ipynb","creator_id":"1000331005","create_time":1650745159379,"size":12861,"is_remote":false,"is_managed":false,"is_referenced":true,"is_object_key_read_only":false,"is_user_provided_path_key":true,"transfer_complete":true,"is_partitioned":false,"complete_time_ticks":1650745159379,"user_data":{},"test_doc":0,"handle":{"key":"notebook/Invoke_Flows_LZOhIenaF.ipynb","upload_id":"done","max_part_num":1},"usage":{"access_count":1,"last_accessor_id":"icp4d-dev","last_access_time":1650745159960,"last_updater_id":"icp4d-dev","last_update_time":1650745159960}}]}