{"metadata":{"asset_id":"5265a3d2-2e3d-44df-847f-dbdafab1073b","asset_attributes":["notebook"],"name":"Score_Custom_Model","asset_type":"notebook","created_at":"2022-04-23T20:19:19Z","description":"","origin_country":"us","owner_id":"icp4d-dev","project_id":"afdf5916-a592-4b7a-bc67-91e4cfa2d469","size":21274,"tags":["notebook"],"usage":{"last_update_time":1650745160019,"last_updated_at":"2022-04-23T20:19:20Z"}},"entity":{"notebook":{"kernel":{"name":"python3","display_name":"Python 3.8","language":"python"},"originates_from":{"type":"file"},"runtime":{"environment":"jupconda38-afdf5916-a592-4b7a-bc67-91e4cfa2d469"}}},"attachments":[{"id":"81532317-eec4-42fa-8026-e6fafe88cfb0","version":2,"asset_type":"notebook","name":"attachment for notebook 5265a3d2-2e3d-44df-847f-dbdafab1073b","description":"attachment for notebook 5265a3d2-2e3d-44df-847f-dbdafab1073b","mime":"application/json","datasource_type":"81bafdbd-b7c6-45c5-a4fd-6ec135f66f4e","object_key":"notebook/Score_Custom_Model_fVCBiQz2Y.ipynb","creator_id":"1000331005","create_time":1650745159339,"size":21274,"is_remote":false,"is_managed":false,"is_referenced":true,"is_object_key_read_only":false,"is_user_provided_path_key":true,"transfer_complete":true,"is_partitioned":false,"complete_time_ticks":1650745159339,"user_data":{},"test_doc":0,"handle":{"key":"notebook/Score_Custom_Model_fVCBiQz2Y.ipynb","upload_id":"done","max_part_num":1},"usage":{"access_count":1,"last_accessor_id":"icp4d-dev","last_access_time":1650745159851,"last_updater_id":"icp4d-dev","last_update_time":1650745159851}}]}