{"metadata":{"asset_id":"3b756e7f-15c2-4b73-9e8f-5c09634e7944","asset_attributes":["notebook"],"name":"Read_Write_Volume_REST_API","asset_type":"notebook","created_at":"2022-04-23T20:19:26Z","description":"","origin_country":"us","owner_id":"icp4d-dev","project_id":"afdf5916-a592-4b7a-bc67-91e4cfa2d469","size":17787,"tags":["notebook"],"usage":{"last_update_time":1651243491235,"last_updated_at":"2022-04-29T14:44:51Z"}},"entity":{"notebook":{"kernel":{"name":"python3","display_name":"Python 3.8","language":"python"},"originates_from":{"type":"file"},"runtime":{"environment":"jupconda38-afdf5916-a592-4b7a-bc67-91e4cfa2d469"}}},"attachments":[{"id":"26d93378-98b3-4b02-a2be-d35958623e34","version":2,"asset_type":"notebook","name":"attachment for notebook 3b756e7f-15c2-4b73-9e8f-5c09634e7944","description":"attachment for notebook 3b756e7f-15c2-4b73-9e8f-5c09634e7944","mime":"application/json","datasource_type":"81bafdbd-b7c6-45c5-a4fd-6ec135f66f4e","object_key":"notebook/Read_Write_Volume_REST_API_hQ33ZRy3X.ipynb","creator_id":"1000331005","create_time":1650745166910,"size":17787,"is_remote":false,"is_managed":false,"is_referenced":true,"is_object_key_read_only":false,"is_user_provided_path_key":true,"transfer_complete":true,"is_partitioned":false,"complete_time_ticks":1650745166910,"user_data":{},"test_doc":0,"handle":{"key":"notebook/Read_Write_Volume_REST_API_hQ33ZRy3X.ipynb","upload_id":"done","max_part_num":1},"usage":{"access_count":1,"last_accessor_id":"icp4d-dev","last_access_time":1650745167264,"last_updater_id":"icp4d-dev","last_update_time":1650745167264}}]}