{"metadata":{"asset_id":"e9068102-a5a8-4262-a47a-8889b44ff106","asset_attributes":["notebook"],"name":"Deploy Python Function","asset_type":"notebook","created_at":"2022-04-23T20:19:26Z","description":"","origin_country":"us","owner_id":"icp4d-dev","project_id":"afdf5916-a592-4b7a-bc67-91e4cfa2d469","size":45249,"tags":["notebook"],"usage":{"last_update_time":1650745167343,"last_updated_at":"2022-04-23T20:19:27Z"}},"entity":{"notebook":{"kernel":{"name":"python3","display_name":"Python 3.8","language":"python"},"originates_from":{"type":"file"},"runtime":{"environment":"jupconda38-afdf5916-a592-4b7a-bc67-91e4cfa2d469"}}},"attachments":[{"id":"b5f360c4-3bce-4332-b0da-90e14b40e0d5","version":2,"asset_type":"notebook","name":"attachment for notebook e9068102-a5a8-4262-a47a-8889b44ff106","description":"attachment for notebook e9068102-a5a8-4262-a47a-8889b44ff106","mime":"application/json","datasource_type":"81bafdbd-b7c6-45c5-a4fd-6ec135f66f4e","object_key":"notebook/Deploy_Python_Function_fjOZLZCt9.ipynb","creator_id":"1000331005","create_time":1650745166775,"size":45249,"is_remote":false,"is_managed":false,"is_referenced":true,"is_object_key_read_only":false,"is_user_provided_path_key":true,"transfer_complete":true,"is_partitioned":false,"complete_time_ticks":1650745166775,"user_data":{},"test_doc":0,"handle":{"key":"notebook/Deploy_Python_Function_fjOZLZCt9.ipynb","upload_id":"done","max_part_num":1},"usage":{"access_count":1,"last_accessor_id":"icp4d-dev","last_access_time":1650745167108,"last_updater_id":"icp4d-dev","last_update_time":1650745167108}}]}