CUSTOMERID,PRODUCT
1.000000,"HOME_INSURANCE"
2.000000,"PREMIUM_BANKING"
3.000000,"SAVINGS_PRODUCTS"
4.000000,"TRAVEL_INSURANCE"
5.000000,"PREMIUM_BANKING"
6.000000,"CAR_LOAN"
7.000000,"PREMIUM_CREDIT_CARD"
8.000000,"TRAVEL_INSURANCE"
9.000000,"JUNIOR_ISA"
10.000000,"CAR_LOAN"
11.000000,"PREMIUM_CREDIT_CARD"
12.000000,"HOME_INSURANCE"
13.000000,"PREMIUM_CREDIT_CARD"
14.000000,"HOME_INSURANCE"
15.000000,"SAVINGS_PRODUCTS"
16.000000,"TRAVEL_INSURANCE"
17.000000,"SAVINGS_PRODUCTS"
18.000000,"SAVINGS_PRODUCTS"
19.000000,"GADGET_INSURANCE"
20.000000,"JUNIOR_ISA"
21.000000,"CAR_LOAN"
22.000000,"SAVINGS_PRODUCTS"
23.000000,"SAVINGS_PRODUCTS"
24.000000,"CAR_LOAN"
25.000000,"JUNIOR_ISA"
26.000000,"CAR_LOAN"
27.000000,"HOME_INSURANCE"
28.000000,"GADGET_INSURANCE"
29.000000,"SAVINGS_PRODUCTS"
30.000000,"SAVINGS_PRODUCTS"
31.000000,"CAR_LOAN"
32.000000,"PREMIUM_CREDIT_CARD"
34.000000,"JUNIOR_ISA"
35.000000,"PREMIUM_BANKING"
36.000000,"JUNIOR_ISA"
37.000000,"GADGET_INSURANCE"
38.000000,"PREMIUM_CREDIT_CARD"
39.000000,"SAVINGS_PRODUCTS"
40.000000,"SAVINGS_PRODUCTS"
41.000000,"HOME_INSURANCE"
42.000000,"GADGET_INSURANCE"
43.000000,"JUNIOR_ISA"
44.000000,"HOME_INSURANCE"
45.000000,"GADGET_INSURANCE"
46.000000,"PREMIUM_CREDIT_CARD"
47.000000,"CAR_LOAN"
48.000000,"SAVINGS_PRODUCTS"
49.000000,"CAR_LOAN"
50.000000,"SAVINGS_PRODUCTS"
51.000000,"CAR_LOAN"
52.000000,"GADGET_INSURANCE"
53.000000,"HOME_INSURANCE"
54.000000,"GADGET_INSURANCE"
55.000000,"SAVINGS_PRODUCTS"
56.000000,"SAVINGS_PRODUCTS"
57.000000,"PREMIUM_BANKING"
58.000000,"CAR_LOAN"
59.000000,"SAVINGS_PRODUCTS"
60.000000,"SAVINGS_PRODUCTS"
61.000000,"GADGET_INSURANCE"
62.000000,"GADGET_INSURANCE"
63.000000,"SAVINGS_PRODUCTS"
64.000000,"CAR_LOAN"
65.000000,"HOME_INSURANCE"
66.000000,"GADGET_INSURANCE"
67.000000,"SAVINGS_PRODUCTS"
68.000000,"SAVINGS_PRODUCTS"
69.000000,"PREMIUM_CREDIT_CARD"
70.000000,"HOME_LOAN"
71.000000,"JUNIOR_ISA"
72.000000,"SAVINGS_PRODUCTS"
73.000000,"GADGET_INSURANCE"
74.000000,"HOME_INSURANCE"
75.000000,"JUNIOR_ISA"
76.000000,"GADGET_INSURANCE"
77.000000,"SAVINGS_PRODUCTS"
78.000000,"HOME_INSURANCE"
79.000000,"TRAVEL_INSURANCE"
80.000000,"GADGET_INSURANCE"
81.000000,"SAVINGS_PRODUCTS"
82.000000,"GADGET_INSURANCE"
83.000000,"SAVINGS_PRODUCTS"
84.000000,"JUNIOR_ISA"
85.000000,"SAVINGS_PRODUCTS"
86.000000,"CAR_LOAN"
87.000000,"TRAVEL_INSURANCE"
88.000000,"GADGET_INSURANCE"
89.000000,"CAR_LOAN"
90.000000,"PREMIUM_BANKING"
91.000000,"GADGET_INSURANCE"
92.000000,"GADGET_INSURANCE"
93.000000,"SAVINGS_PRODUCTS"
94.000000,"SAVINGS_PRODUCTS"
95.000000,"CAR_LOAN"
96.000000,"SAVINGS_PRODUCTS"
97.000000,"SAVINGS_PRODUCTS"
98.000000,"HOME_LOAN"
100.000000,"SAVINGS_PRODUCTS"
101.000000,"SAVINGS_PRODUCTS"
102.000000,"SAVINGS_PRODUCTS"
103.000000,"CAR_LOAN"
104.000000,"HOME_INSURANCE"
105.000000,"HOME_LOAN"
106.000000,"TRAVEL_INSURANCE"
107.000000,"HOME_INSURANCE"
108.000000,"GADGET_INSURANCE"
109.000000,"SAVINGS_PRODUCTS"
110.000000,"CAR_LOAN"
111.000000,"CAR_LOAN"
112.000000,"SAVINGS_PRODUCTS"
113.000000,"SAVINGS_PRODUCTS"
114.000000,"GADGET_INSURANCE"
115.000000,"SAVINGS_PRODUCTS"
116.000000,"JUNIOR_ISA"
117.000000,"JUNIOR_ISA"
118.000000,"GADGET_INSURANCE"
119.000000,"PREMIUM_CREDIT_CARD"
120.000000,"CAR_LOAN"
121.000000,"CAR_LOAN"
122.000000,"SAVINGS_PRODUCTS"
123.000000,"GADGET_INSURANCE"
124.000000,"CAR_LOAN"
125.000000,"HOME_INSURANCE"
126.000000,"PREMIUM_CREDIT_CARD"
127.000000,"HOME_INSURANCE"
128.000000,"SAVINGS_PRODUCTS"
129.000000,"SAVINGS_PRODUCTS"
130.000000,"SAVINGS_PRODUCTS"
131.000000,"CAR_LOAN"
132.000000,"GADGET_INSURANCE"
133.000000,"CAR_LOAN"
134.000000,"SAVINGS_PRODUCTS"
135.000000,"JUNIOR_ISA"
136.000000,"SAVINGS_PRODUCTS"
137.000000,"GADGET_INSURANCE"
138.000000,"SAVINGS_PRODUCTS"
139.000000,"SAVINGS_PRODUCTS"
140.000000,"JUNIOR_ISA"
141.000000,"SAVINGS_PRODUCTS"
142.000000,"GADGET_INSURANCE"
144.000000,"JUNIOR_ISA"
145.000000,"PREMIUM_BANKING"
146.000000,"CAR_LOAN"
147.000000,"HOME_INSURANCE"
148.000000,"GADGET_INSURANCE"
149.000000,"SAVINGS_PRODUCTS"
150.000000,"JUNIOR_ISA"
151.000000,"HOME_INSURANCE"
152.000000,"SAVINGS_PRODUCTS"
153.000000,"CAR_LOAN"
154.000000,"GADGET_INSURANCE"
155.000000,"GADGET_INSURANCE"
156.000000,"TRAVEL_INSURANCE"
157.000000,"CAR_LOAN"
158.000000,"GADGET_INSURANCE"
159.000000,"CAR_LOAN"
160.000000,"GADGET_INSURANCE"
161.000000,"SAVINGS_PRODUCTS"
162.000000,"SAVINGS_PRODUCTS"
163.000000,"GADGET_INSURANCE"
164.000000,"SAVINGS_PRODUCTS"
165.000000,"HOME_INSURANCE"
166.000000,"GADGET_INSURANCE"
167.000000,"PREMIUM_CREDIT_CARD"
168.000000,"SAVINGS_PRODUCTS"
169.000000,"SAVINGS_PRODUCTS"
170.000000,"HOME_INSURANCE"
171.000000,"GADGET_INSURANCE"
172.000000,"GADGET_INSURANCE"
173.000000,"SAVINGS_PRODUCTS"
174.000000,"HOME_LOAN"
175.000000,"GADGET_INSURANCE"
176.000000,"GADGET_INSURANCE"
177.000000,"HOME_INSURANCE"
178.000000,"HOME_INSURANCE"
179.000000,"PREMIUM_BANKING"
180.000000,"SAVINGS_PRODUCTS"
181.000000,"SAVINGS_PRODUCTS"
182.000000,"SAVINGS_PRODUCTS"
183.000000,"HOME_INSURANCE"
184.000000,"GADGET_INSURANCE"
185.000000,"JUNIOR_ISA"
186.000000,"SAVINGS_PRODUCTS"
187.000000,"HOME_INSURANCE"
188.000000,"SAVINGS_PRODUCTS"
189.000000,"PREMIUM_CREDIT_CARD"
190.000000,"HOME_INSURANCE"
191.000000,"JUNIOR_ISA"
192.000000,"SAVINGS_PRODUCTS"
193.000000,"GADGET_INSURANCE"
194.000000,"SAVINGS_PRODUCTS"
195.000000,"SAVINGS_PRODUCTS"
196.000000,"HOME_LOAN"
197.000000,"PREMIUM_CREDIT_CARD"
198.000000,"SAVINGS_PRODUCTS"
199.000000,"PREMIUM_CREDIT_CARD"
200.000000,"GADGET_INSURANCE"
201.000000,"HOME_INSURANCE"
202.000000,"HOME_INSURANCE"
203.000000,"SAVINGS_PRODUCTS"
204.000000,"HOME_LOAN"
205.000000,"HOME_LOAN"
206.000000,"CAR_LOAN"
207.000000,"CAR_LOAN"
208.000000,"SAVINGS_PRODUCTS"
210.000000,"CAR_LOAN"
211.000000,"GADGET_INSURANCE"
212.000000,"HOME_INSURANCE"
213.000000,"SAVINGS_PRODUCTS"
214.000000,"GADGET_INSURANCE"
215.000000,"HOME_LOAN"
216.000000,"CAR_LOAN"
217.000000,"GADGET_INSURANCE"
218.000000,"GADGET_INSURANCE"
219.000000,"GADGET_INSURANCE"
220.000000,"PREMIUM_CREDIT_CARD"
221.000000,"JUNIOR_ISA"
222.000000,"JUNIOR_ISA"
223.000000,"SAVINGS_PRODUCTS"
224.000000,"HOME_INSURANCE"
225.000000,"HOME_INSURANCE"
226.000000,"JUNIOR_ISA"
227.000000,"JUNIOR_ISA"
228.000000,"SAVINGS_PRODUCTS"
229.000000,"JUNIOR_ISA"
230.000000,"JUNIOR_ISA"
231.000000,"SAVINGS_PRODUCTS"
232.000000,"SAVINGS_PRODUCTS"
233.000000,"GADGET_INSURANCE"
234.000000,"CAR_LOAN"
235.000000,"HOME_INSURANCE"
236.000000,"SAVINGS_PRODUCTS"
237.000000,"HOME_INSURANCE"
238.000000,"SAVINGS_PRODUCTS"
239.000000,"JUNIOR_ISA"
240.000000,"JUNIOR_ISA"
241.000000,"CAR_LOAN"
242.000000,"JUNIOR_ISA"
243.000000,"JUNIOR_ISA"
244.000000,"CAR_LOAN"
245.000000,"SAVINGS_PRODUCTS"
246.000000,"GADGET_INSURANCE"
247.000000,"SAVINGS_PRODUCTS"
248.000000,"CAR_LOAN"
249.000000,"GADGET_INSURANCE"
250.000000,"JUNIOR_ISA"
251.000000,"SAVINGS_PRODUCTS"
252.000000,"PREMIUM_CREDIT_CARD"
254.000000,"SAVINGS_PRODUCTS"
255.000000,"PREMIUM_CREDIT_CARD"
256.000000,"JUNIOR_ISA"
257.000000,"SAVINGS_PRODUCTS"
258.000000,"PREMIUM_CREDIT_CARD"
259.000000,"JUNIOR_ISA"
260.000000,"CAR_LOAN"
261.000000,"SAVINGS_PRODUCTS"
262.000000,"PREMIUM_CREDIT_CARD"
263.000000,"SAVINGS_PRODUCTS"
264.000000,"HOME_INSURANCE"
265.000000,"SAVINGS_PRODUCTS"
266.000000,"PREMIUM_CREDIT_CARD"
267.000000,"CAR_LOAN"
268.000000,"SAVINGS_PRODUCTS"
269.000000,"PREMIUM_CREDIT_CARD"
270.000000,"SAVINGS_PRODUCTS"
271.000000,"JUNIOR_ISA"
272.000000,"SAVINGS_PRODUCTS"
273.000000,"GADGET_INSURANCE"
274.000000,"SAVINGS_PRODUCTS"
275.000000,"SAVINGS_PRODUCTS"
276.000000,"HOME_INSURANCE"
277.000000,"GADGET_INSURANCE"
278.000000,"SAVINGS_PRODUCTS"
279.000000,"JUNIOR_ISA"
280.000000,"SAVINGS_PRODUCTS"
281.000000,"GADGET_INSURANCE"
282.000000,"GADGET_INSURANCE"
283.000000,"SAVINGS_PRODUCTS"
284.000000,"HOME_LOAN"
285.000000,"SAVINGS_PRODUCTS"
286.000000,"GADGET_INSURANCE"
287.000000,"HOME_INSURANCE"
288.000000,"HOME_INSURANCE"
289.000000,"PREMIUM_CREDIT_CARD"
290.000000,"CAR_LOAN"
291.000000,"JUNIOR_ISA"
292.000000,"SAVINGS_PRODUCTS"
293.000000,"GADGET_INSURANCE"
294.000000,"HOME_INSURANCE"
295.000000,"JUNIOR_ISA"
296.000000,"HOME_INSURANCE"
297.000000,"HOME_INSURANCE"
298.000000,"HOME_INSURANCE"
299.000000,"CAR_LOAN"
300.000000,"HOME_INSURANCE"
301.000000,"CAR_LOAN"
302.000000,"SAVINGS_PRODUCTS"
303.000000,"HOME_INSURANCE"
304.000000,"CAR_LOAN"
305.000000,"HOME_LOAN"
306.000000,"CAR_LOAN"
307.000000,"HOME_INSURANCE"
308.000000,"GADGET_INSURANCE"
309.000000,"CAR_LOAN"
310.000000,"GADGET_INSURANCE"
311.000000,"HOME_INSURANCE"
312.000000,"GADGET_INSURANCE"
313.000000,"GADGET_INSURANCE"
314.000000,"SAVINGS_PRODUCTS"
315.000000,"CAR_LOAN"
316.000000,"SAVINGS_PRODUCTS"
317.000000,"CAR_LOAN"
318.000000,"SAVINGS_PRODUCTS"
320.000000,"SAVINGS_PRODUCTS"
321.000000,"GADGET_INSURANCE"
322.000000,"SAVINGS_PRODUCTS"
323.000000,"CAR_LOAN"
324.000000,"HOME_INSURANCE"
325.000000,"CAR_LOAN"
326.000000,"PREMIUM_CREDIT_CARD"
327.000000,"HOME_INSURANCE"
328.000000,"GADGET_INSURANCE"
329.000000,"GADGET_INSURANCE"
330.000000,"PREMIUM_CREDIT_CARD"
331.000000,"SAVINGS_PRODUCTS"
332.000000,"CAR_LOAN"
333.000000,"CAR_LOAN"
334.000000,"SAVINGS_PRODUCTS"
335.000000,"SAVINGS_PRODUCTS"
336.000000,"SAVINGS_PRODUCTS"
337.000000,"JUNIOR_ISA"
338.000000,"HOME_INSURANCE"
339.000000,"SAVINGS_PRODUCTS"
340.000000,"SAVINGS_PRODUCTS"
341.000000,"CAR_LOAN"
342.000000,"HOME_INSURANCE"
343.000000,"GADGET_INSURANCE"
344.000000,"CAR_LOAN"
345.000000,"HOME_INSURANCE"
346.000000,"PREMIUM_CREDIT_CARD"
347.000000,"CAR_LOAN"
348.000000,"CAR_LOAN"
349.000000,"CAR_LOAN"
350.000000,"JUNIOR_ISA"
351.000000,"JUNIOR_ISA"
352.000000,"SAVINGS_PRODUCTS"
353.000000,"CAR_LOAN"
354.000000,"JUNIOR_ISA"
355.000000,"JUNIOR_ISA"
356.000000,"GADGET_INSURANCE"
357.000000,"HOME_INSURANCE"
358.000000,"CAR_LOAN"
359.000000,"GADGET_INSURANCE"
360.000000,"JUNIOR_ISA"
361.000000,"CAR_LOAN"
362.000000,"JUNIOR_ISA"
364.000000,"CAR_LOAN"
365.000000,"PREMIUM_CREDIT_CARD"
366.000000,"SAVINGS_PRODUCTS"
367.000000,"HOME_INSURANCE"
368.000000,"GADGET_INSURANCE"
369.000000,"CAR_LOAN"
370.000000,"CAR_LOAN"
371.000000,"SAVINGS_PRODUCTS"
372.000000,"SAVINGS_PRODUCTS"
373.000000,"JUNIOR_ISA"
374.000000,"SAVINGS_PRODUCTS"
375.000000,"HOME_INSURANCE"
376.000000,"PREMIUM_CREDIT_CARD"
377.000000,"CAR_LOAN"
378.000000,"HOME_INSURANCE"
379.000000,"TRAVEL_INSURANCE"
380.000000,"SAVINGS_PRODUCTS"
381.000000,"CAR_LOAN"
382.000000,"HOME_INSURANCE"
383.000000,"GADGET_INSURANCE"
384.000000,"HOME_LOAN"
385.000000,"SAVINGS_PRODUCTS"
386.000000,"HOME_INSURANCE"
387.000000,"GADGET_INSURANCE"
388.000000,"CAR_LOAN"
389.000000,"SAVINGS_PRODUCTS"
390.000000,"SAVINGS_PRODUCTS"
391.000000,"GADGET_INSURANCE"
392.000000,"GADGET_INSURANCE"
393.000000,"GADGET_INSURANCE"
394.000000,"CAR_LOAN"
395.000000,"HOME_INSURANCE"
396.000000,"SAVINGS_PRODUCTS"
397.000000,"GADGET_INSURANCE"
398.000000,"SAVINGS_PRODUCTS"
399.000000,"GADGET_INSURANCE"
400.000000,"SAVINGS_PRODUCTS"
401.000000,"SAVINGS_PRODUCTS"
402.000000,"SAVINGS_PRODUCTS"
403.000000,"HOME_INSURANCE"
404.000000,"HOME_INSURANCE"
405.000000,"SAVINGS_PRODUCTS"
406.000000,"HOME_INSURANCE"
407.000000,"HOME_INSURANCE"
408.000000,"GADGET_INSURANCE"
409.000000,"JUNIOR_ISA"
410.000000,"SAVINGS_PRODUCTS"
411.000000,"SAVINGS_PRODUCTS"
412.000000,"GADGET_INSURANCE"
413.000000,"GADGET_INSURANCE"
414.000000,"CAR_LOAN"
415.000000,"HOME_LOAN"
416.000000,"CAR_LOAN"
417.000000,"PREMIUM_CREDIT_CARD"
418.000000,"GADGET_INSURANCE"
419.000000,"CAR_LOAN"
420.000000,"HOME_INSURANCE"
421.000000,"HOME_INSURANCE"
422.000000,"GADGET_INSURANCE"
423.000000,"GADGET_INSURANCE"
424.000000,"SAVINGS_PRODUCTS"
425.000000,"SAVINGS_PRODUCTS"
426.000000,"SAVINGS_PRODUCTS"
427.000000,"JUNIOR_ISA"
428.000000,"CAR_LOAN"
430.000000,"SAVINGS_PRODUCTS"
431.000000,"SAVINGS_PRODUCTS"
432.000000,"GADGET_INSURANCE"
433.000000,"SAVINGS_PRODUCTS"
434.000000,"GADGET_INSURANCE"
435.000000,"SAVINGS_PRODUCTS"
436.000000,"PREMIUM_CREDIT_CARD"
437.000000,"HOME_INSURANCE"
438.000000,"PREMIUM_BANKING"
439.000000,"HOME_INSURANCE"
440.000000,"CAR_LOAN"
441.000000,"JUNIOR_ISA"
442.000000,"CAR_LOAN"
443.000000,"JUNIOR_ISA"
444.000000,"HOME_INSURANCE"
445.000000,"HOME_INSURANCE"
446.000000,"JUNIOR_ISA"
447.000000,"CAR_LOAN"
448.000000,"HOME_INSURANCE"
449.000000,"CAR_LOAN"
450.000000,"CAR_LOAN"
451.000000,"CAR_LOAN"
452.000000,"SAVINGS_PRODUCTS"
453.000000,"GADGET_INSURANCE"
454.000000,"JUNIOR_ISA"
455.000000,"SAVINGS_PRODUCTS"
456.000000,"TRAVEL_INSURANCE"
457.000000,"SAVINGS_PRODUCTS"
458.000000,"CAR_LOAN"
459.000000,"SAVINGS_PRODUCTS"
460.000000,"CAR_LOAN"
461.000000,"SAVINGS_PRODUCTS"
462.000000,"JUNIOR_ISA"
463.000000,"JUNIOR_ISA"
464.000000,"CAR_LOAN"
465.000000,"JUNIOR_ISA"
466.000000,"CAR_LOAN"
467.000000,"SAVINGS_PRODUCTS"
468.000000,"JUNIOR_ISA"
469.000000,"GADGET_INSURANCE"
470.000000,"JUNIOR_ISA"
471.000000,"SAVINGS_PRODUCTS"
472.000000,"GADGET_INSURANCE"
474.000000,"JUNIOR_ISA"
475.000000,"PREMIUM_BANKING"
476.000000,"CAR_LOAN"
477.000000,"SAVINGS_PRODUCTS"
478.000000,"GADGET_INSURANCE"
479.000000,"SAVINGS_PRODUCTS"
480.000000,"JUNIOR_ISA"
481.000000,"HOME_INSURANCE"
482.000000,"GADGET_INSURANCE"
483.000000,"CAR_LOAN"
484.000000,"HOME_INSURANCE"
485.000000,"SAVINGS_PRODUCTS"
486.000000,"PREMIUM_CREDIT_CARD"
487.000000,"JUNIOR_ISA"
488.000000,"GADGET_INSURANCE"
489.000000,"TRAVEL_INSURANCE"
490.000000,"SAVINGS_PRODUCTS"
491.000000,"SAVINGS_PRODUCTS"
492.000000,"CAR_LOAN"
493.000000,"GADGET_INSURANCE"
494.000000,"HOME_INSURANCE"
495.000000,"HOME_INSURANCE"
496.000000,"HOME_INSURANCE"
497.000000,"PREMIUM_CREDIT_CARD"
498.000000,"SAVINGS_PRODUCTS"
499.000000,"SAVINGS_PRODUCTS"
500.000000,"GADGET_INSURANCE"
501.000000,"HOME_INSURANCE"
502.000000,"SAVINGS_PRODUCTS"
503.000000,"GADGET_INSURANCE"
504.000000,"CAR_LOAN"
505.000000,"GADGET_INSURANCE"
506.000000,"HOME_INSURANCE"
507.000000,"HOME_INSURANCE"
508.000000,"GADGET_INSURANCE"
509.000000,"PREMIUM_CREDIT_CARD"
510.000000,"CAR_LOAN"
511.000000,"CAR_LOAN"
512.000000,"HOME_INSURANCE"
513.000000,"SAVINGS_PRODUCTS"
514.000000,"CAR_LOAN"
515.000000,"PREMIUM_BANKING"
516.000000,"HOME_INSURANCE"
517.000000,"GADGET_INSURANCE"
518.000000,"SAVINGS_PRODUCTS"
519.000000,"SAVINGS_PRODUCTS"
520.000000,"HOME_INSURANCE"
521.000000,"JUNIOR_ISA"
522.000000,"HOME_INSURANCE"
523.000000,"SAVINGS_PRODUCTS"
524.000000,"CAR_LOAN"
525.000000,"SAVINGS_PRODUCTS"
526.000000,"HOME_LOAN"
527.000000,"HOME_INSURANCE"
528.000000,"SAVINGS_PRODUCTS"
529.000000,"CAR_LOAN"
530.000000,"PREMIUM_CREDIT_CARD"
531.000000,"SAVINGS_PRODUCTS"
532.000000,"SAVINGS_PRODUCTS"
533.000000,"GADGET_INSURANCE"
534.000000,"HOME_LOAN"
535.000000,"SAVINGS_PRODUCTS"
536.000000,"HOME_LOAN"
537.000000,"JUNIOR_ISA"
538.000000,"SAVINGS_PRODUCTS"
540.000000,"SAVINGS_PRODUCTS"
541.000000,"HOME_INSURANCE"
542.000000,"HOME_INSURANCE"
543.000000,"CAR_LOAN"
544.000000,"GADGET_INSURANCE"
545.000000,"SAVINGS_PRODUCTS"
546.000000,"TRAVEL_INSURANCE"
547.000000,"HOME_INSURANCE"
548.000000,"PREMIUM_BANKING"
549.000000,"GADGET_INSURANCE"
550.000000,"PREMIUM_CREDIT_CARD"
551.000000,"SAVINGS_PRODUCTS"
552.000000,"CAR_LOAN"
553.000000,"JUNIOR_ISA"
554.000000,"HOME_INSURANCE"
555.000000,"GADGET_INSURANCE"
556.000000,"CAR_LOAN"
557.000000,"SAVINGS_PRODUCTS"
558.000000,"HOME_INSURANCE"
559.000000,"PREMIUM_CREDIT_CARD"
560.000000,"JUNIOR_ISA"
561.000000,"SAVINGS_PRODUCTS"
562.000000,"HOME_INSURANCE"
563.000000,"GADGET_INSURANCE"
564.000000,"JUNIOR_ISA"
565.000000,"GADGET_INSURANCE"
566.000000,"CAR_LOAN"
567.000000,"GADGET_INSURANCE"
568.000000,"SAVINGS_PRODUCTS"
569.000000,"CAR_LOAN"
570.000000,"SAVINGS_PRODUCTS"
571.000000,"JUNIOR_ISA"
572.000000,"SAVINGS_PRODUCTS"
573.000000,"SAVINGS_PRODUCTS"
574.000000,"SAVINGS_PRODUCTS"
575.000000,"JUNIOR_ISA"
576.000000,"PREMIUM_BANKING"
577.000000,"SAVINGS_PRODUCTS"
578.000000,"SAVINGS_PRODUCTS"
579.000000,"SAVINGS_PRODUCTS"
580.000000,"JUNIOR_ISA"
581.000000,"CAR_LOAN"
582.000000,"JUNIOR_ISA"
584.000000,"JUNIOR_ISA"
585.000000,"PREMIUM_BANKING"
586.000000,"SAVINGS_PRODUCTS"
587.000000,"GADGET_INSURANCE"
588.000000,"GADGET_INSURANCE"
589.000000,"CAR_LOAN"
590.000000,"SAVINGS_PRODUCTS"
591.000000,"HOME_INSURANCE"
592.000000,"HOME_INSURANCE"
593.000000,"SAVINGS_PRODUCTS"
594.000000,"GADGET_INSURANCE"
595.000000,"SAVINGS_PRODUCTS"
596.000000,"CAR_LOAN"
597.000000,"JUNIOR_ISA"
598.000000,"SAVINGS_PRODUCTS"
599.000000,"TRAVEL_INSURANCE"
600.000000,"HOME_INSURANCE"
601.000000,"JUNIOR_ISA"
602.000000,"JUNIOR_ISA"
603.000000,"GADGET_INSURANCE"
604.000000,"SAVINGS_PRODUCTS"
605.000000,"GADGET_INSURANCE"
606.000000,"SAVINGS_PRODUCTS"
607.000000,"PREMIUM_CREDIT_CARD"
608.000000,"CAR_LOAN"
609.000000,"JUNIOR_ISA"
610.000000,"HOME_INSURANCE"
611.000000,"SAVINGS_PRODUCTS"
612.000000,"SAVINGS_PRODUCTS"
613.000000,"GADGET_INSURANCE"
614.000000,"CAR_LOAN"
615.000000,"HOME_INSURANCE"
616.000000,"SAVINGS_PRODUCTS"
617.000000,"GADGET_INSURANCE"
618.000000,"SAVINGS_PRODUCTS"
619.000000,"PREMIUM_CREDIT_CARD"
620.000000,"CAR_LOAN"
621.000000,"CAR_LOAN"
622.000000,"HOME_INSURANCE"
623.000000,"GADGET_INSURANCE"
624.000000,"GADGET_INSURANCE"
625.000000,"PREMIUM_CREDIT_CARD"
626.000000,"GADGET_INSURANCE"
627.000000,"HOME_INSURANCE"
628.000000,"HOME_INSURANCE"
629.000000,"PREMIUM_CREDIT_CARD"
630.000000,"SAVINGS_PRODUCTS"
631.000000,"SAVINGS_PRODUCTS"
632.000000,"SAVINGS_PRODUCTS"
633.000000,"GADGET_INSURANCE"
634.000000,"CAR_LOAN"
635.000000,"CAR_LOAN"
636.000000,"HOME_LOAN"
637.000000,"CAR_LOAN"
638.000000,"HOME_INSURANCE"
639.000000,"PREMIUM_CREDIT_CARD"
640.000000,"SAVINGS_PRODUCTS"
641.000000,"HOME_INSURANCE"
642.000000,"SAVINGS_PRODUCTS"
643.000000,"SAVINGS_PRODUCTS"
644.000000,"HOME_LOAN"
645.000000,"CAR_LOAN"
646.000000,"CAR_LOAN"
647.000000,"JUNIOR_ISA"
648.000000,"SAVINGS_PRODUCTS"
650.000000,"CAR_LOAN"
651.000000,"SAVINGS_PRODUCTS"
652.000000,"HOME_INSURANCE"
653.000000,"SAVINGS_PRODUCTS"
654.000000,"GADGET_INSURANCE"
655.000000,"CAR_LOAN"
656.000000,"CAR_LOAN"
657.000000,"HOME_INSURANCE"
658.000000,"GADGET_INSURANCE"
659.000000,"SAVINGS_PRODUCTS"
660.000000,"CAR_LOAN"
661.000000,"SAVINGS_PRODUCTS"
662.000000,"SAVINGS_PRODUCTS"
663.000000,"SAVINGS_PRODUCTS"
664.000000,"HOME_INSURANCE"
665.000000,"SAVINGS_PRODUCTS"
666.000000,"SAVINGS_PRODUCTS"
667.000000,"JUNIOR_ISA"
668.000000,"SAVINGS_PRODUCTS"
669.000000,"SAVINGS_PRODUCTS"
670.000000,"JUNIOR_ISA"
671.000000,"SAVINGS_PRODUCTS"
672.000000,"SAVINGS_PRODUCTS"
673.000000,"PREMIUM_BANKING"
674.000000,"CAR_LOAN"
675.000000,"GADGET_INSURANCE"
676.000000,"TRAVEL_INSURANCE"
677.000000,"HOME_INSURANCE"
678.000000,"SAVINGS_PRODUCTS"
679.000000,"JUNIOR_ISA"
680.000000,"CAR_LOAN"
681.000000,"JUNIOR_ISA"
682.000000,"GADGET_INSURANCE"
683.000000,"JUNIOR_ISA"
684.000000,"SAVINGS_PRODUCTS"
685.000000,"CAR_LOAN"
686.000000,"PREMIUM_CREDIT_CARD"
687.000000,"SAVINGS_PRODUCTS"
688.000000,"CAR_LOAN"
689.000000,"HOME_INSURANCE"
690.000000,"SAVINGS_PRODUCTS"
691.000000,"SAVINGS_PRODUCTS"
692.000000,"PREMIUM_BANKING"
694.000000,"SAVINGS_PRODUCTS"
695.000000,"GADGET_INSURANCE"
696.000000,"SAVINGS_PRODUCTS"
697.000000,"GADGET_INSURANCE"
698.000000,"PREMIUM_BANKING"
699.000000,"CAR_LOAN"
700.000000,"CAR_LOAN"
701.000000,"SAVINGS_PRODUCTS"
702.000000,"SAVINGS_PRODUCTS"
703.000000,"JUNIOR_ISA"
704.000000,"HOME_INSURANCE"
705.000000,"GADGET_INSURANCE"
706.000000,"CAR_LOAN"
707.000000,"SAVINGS_PRODUCTS"
708.000000,"GADGET_INSURANCE"
709.000000,"TRAVEL_INSURANCE"
710.000000,"GADGET_INSURANCE"
711.000000,"JUNIOR_ISA"
712.000000,"CAR_LOAN"
713.000000,"SAVINGS_PRODUCTS"
714.000000,"HOME_INSURANCE"
715.000000,"SAVINGS_PRODUCTS"
716.000000,"SAVINGS_PRODUCTS"
717.000000,"PREMIUM_BANKING"
718.000000,"HOME_LOAN"
719.000000,"SAVINGS_PRODUCTS"
720.000000,"GADGET_INSURANCE"
721.000000,"SAVINGS_PRODUCTS"
722.000000,"CAR_LOAN"
723.000000,"SAVINGS_PRODUCTS"
724.000000,"CAR_LOAN"
725.000000,"HOME_INSURANCE"
726.000000,"GADGET_INSURANCE"
727.000000,"HOME_INSURANCE"
728.000000,"HOME_INSURANCE"
729.000000,"GADGET_INSURANCE"
730.000000,"CAR_LOAN"
731.000000,"SAVINGS_PRODUCTS"
732.000000,"SAVINGS_PRODUCTS"
733.000000,"GADGET_INSURANCE"
734.000000,"GADGET_INSURANCE"
735.000000,"GADGET_INSURANCE"
736.000000,"SAVINGS_PRODUCTS"
737.000000,"GADGET_INSURANCE"
738.000000,"SAVINGS_PRODUCTS"
739.000000,"SAVINGS_PRODUCTS"
740.000000,"GADGET_INSURANCE"
741.000000,"SAVINGS_PRODUCTS"
742.000000,"HOME_INSURANCE"
743.000000,"GADGET_INSURANCE"
744.000000,"JUNIOR_ISA"
745.000000,"HOME_LOAN"
746.000000,"SAVINGS_PRODUCTS"
747.000000,"CAR_LOAN"
748.000000,"HOME_INSURANCE"
749.000000,"CAR_LOAN"
750.000000,"PREMIUM_CREDIT_CARD"
751.000000,"SAVINGS_PRODUCTS"
752.000000,"SAVINGS_PRODUCTS"
753.000000,"HOME_INSURANCE"
754.000000,"SAVINGS_PRODUCTS"
755.000000,"SAVINGS_PRODUCTS"
756.000000,"HOME_LOAN"
757.000000,"CAR_LOAN"
758.000000,"CAR_LOAN"
760.000000,"HOME_LOAN"
761.000000,"HOME_INSURANCE"
762.000000,"GADGET_INSURANCE"
763.000000,"JUNIOR_ISA"
764.000000,"HOME_INSURANCE"
765.000000,"HOME_LOAN"
766.000000,"CAR_LOAN"
767.000000,"SAVINGS_PRODUCTS"
768.000000,"PREMIUM_BANKING"
769.000000,"GADGET_INSURANCE"
770.000000,"PREMIUM_CREDIT_CARD"
771.000000,"JUNIOR_ISA"
772.000000,"SAVINGS_PRODUCTS"
773.000000,"CAR_LOAN"
774.000000,"SAVINGS_PRODUCTS"
775.000000,"HOME_INSURANCE"
776.000000,"JUNIOR_ISA"
777.000000,"SAVINGS_PRODUCTS"
778.000000,"SAVINGS_PRODUCTS"
779.000000,"CAR_LOAN"
780.000000,"CAR_LOAN"
781.000000,"JUNIOR_ISA"
782.000000,"GADGET_INSURANCE"
783.000000,"PREMIUM_BANKING"
784.000000,"JUNIOR_ISA"
785.000000,"GADGET_INSURANCE"
786.000000,"SAVINGS_PRODUCTS"
787.000000,"HOME_LOAN"
788.000000,"JUNIOR_ISA"
789.000000,"SAVINGS_PRODUCTS"
790.000000,"CAR_LOAN"
791.000000,"JUNIOR_ISA"
792.000000,"CAR_LOAN"
793.000000,"SAVINGS_PRODUCTS"
794.000000,"JUNIOR_ISA"
795.000000,"JUNIOR_ISA"
796.000000,"PREMIUM_CREDIT_CARD"
797.000000,"GADGET_INSURANCE"
798.000000,"CAR_LOAN"
799.000000,"SAVINGS_PRODUCTS"
800.000000,"SAVINGS_PRODUCTS"
801.000000,"JUNIOR_ISA"
802.000000,"SAVINGS_PRODUCTS"
804.000000,"CAR_LOAN"
805.000000,"PREMIUM_CREDIT_CARD"
806.000000,"SAVINGS_PRODUCTS"
807.000000,"HOME_INSURANCE"
808.000000,"PREMIUM_CREDIT_CARD"
809.000000,"SAVINGS_PRODUCTS"
810.000000,"JUNIOR_ISA"
811.000000,"HOME_INSURANCE"
812.000000,"GADGET_INSURANCE"
813.000000,"CAR_LOAN"
814.000000,"HOME_INSURANCE"
815.000000,"GADGET_INSURANCE"
816.000000,"CAR_LOAN"
817.000000,"CAR_LOAN"
818.000000,"SAVINGS_PRODUCTS"
819.000000,"TRAVEL_INSURANCE"
820.000000,"GADGET_INSURANCE"
821.000000,"SAVINGS_PRODUCTS"
822.000000,"JUNIOR_ISA"
823.000000,"SAVINGS_PRODUCTS"
824.000000,"HOME_INSURANCE"
825.000000,"HOME_INSURANCE"
826.000000,"SAVINGS_PRODUCTS"
827.000000,"PREMIUM_BANKING"
828.000000,"HOME_LOAN"
829.000000,"CAR_LOAN"
830.000000,"HOME_INSURANCE"
831.000000,"GADGET_INSURANCE"
832.000000,"SAVINGS_PRODUCTS"
833.000000,"GADGET_INSURANCE"
834.000000,"CAR_LOAN"
835.000000,"GADGET_INSURANCE"
836.000000,"SAVINGS_PRODUCTS"
837.000000,"GADGET_INSURANCE"
838.000000,"HOME_INSURANCE"
839.000000,"PREMIUM_BANKING"
840.000000,"CAR_LOAN"
841.000000,"JUNIOR_ISA"
842.000000,"SAVINGS_PRODUCTS"
843.000000,"SAVINGS_PRODUCTS"
844.000000,"HOME_INSURANCE"
845.000000,"SAVINGS_PRODUCTS"
846.000000,"HOME_INSURANCE"
847.000000,"HOME_INSURANCE"
848.000000,"GADGET_INSURANCE"
849.000000,"CAR_LOAN"
850.000000,"GADGET_INSURANCE"
